CheckInID,MemberID,ClassID,CheckInDate,DurationMinutes
CHK00001,MB0032,C03,2024-06-09,45
CHK00002,MB0716,C05,2024-08-01,75
CHK00003,MB0408,C01,2024-03-19,60
CHK00004,MB0339,C03,2024-07-21,60
CHK00005,MB0358,C01,2024-05-11,45
CHK00006,MB0597,C06,2024-08-22,30
CHK00007,MB0608,C03,2024-05-06,90
CHK00008,MB0792,C02,2024-06-11,45
CHK00009,MB0400,C07,2024-07-28,45
CHK00010,MB0302,C04,2024-01-14,30
CHK00011,MB0397,C03,2024-01-05,75
CHK00012,MB0198,C03,2024-02-13,45
CHK00013,MB0279,C07,2024-08-15,30
CHK00014,MB0300,C08,2024-10-06,60
CHK00015,MB0686,C05,2024-12-16,30
CHK00016,MB0764,C03,2024-10-03,45
CHK00017,MB0402,C02,2024-05-19,75
CHK00018,MB0194,C01,2024-03-29,45
CHK00019,MB0749,C06,2024-12-05,60
CHK00020,MB0385,C08,2024-09-29,75
CHK00021,MB0087,C02,2024-08-09,60
CHK00022,MB0668,C01,2024-08-30,90
CHK00023,MB0274,C03,2024-09-25,60
CHK00024,MB0086,C01,2024-01-16,75
CHK00025,MB0091,C02,2024-07-23,90
CHK00026,MB0657,C06,2024-03-09,30
CHK00027,MB0751,C03,2024-04-04,30
CHK00028,MB0271,C06,2024-12-21,90
CHK00029,MB0317,C02,2024-02-06,60
CHK00030,MB0512,C06,2024-05-08,60
CHK00031,MB0762,C06,2024-03-30,45
CHK00032,MB0679,C05,2024-11-25,45
CHK00033,MB0443,C01,2024-03-22,30
CHK00034,MB0513,C03,2024-03-22,90
CHK00035,MB0696,C06,2024-06-09,90
CHK00036,MB0161,C02,2024-02-27,60
CHK00037,MB0225,C01,2024-06-22,30
CHK00038,MB0040,C06,2024-04-03,90
CHK00039,MB0012,C07,2024-11-09,75
CHK00040,MB0524,C06,2024-01-09,45
CHK00041,MB0209,C03,2024-07-30,90
CHK00042,MB0776,C08,2024-11-25,60
CHK00043,MB0072,C08,2024-06-08,75
CHK00044,MB0031,C05,2024-07-22,45
CHK00045,MB0366,C04,2024-05-11,45
CHK00046,MB0217,C01,2024-05-02,60
CHK00047,MB0518,C03,2024-07-27,45
CHK00048,MB0512,C01,2024-11-24,75
CHK00049,MB0106,C03,2024-08-23,60
CHK00050,MB0171,C01,2024-06-09,90
CHK00051,MB0602,C04,2024-12-24,30
CHK00052,MB0330,C08,2024-08-02,75
CHK00053,MB0070,C06,2024-05-05,75
CHK00054,MB0598,C02,2024-12-27,90
CHK00055,MB0636,C04,2024-04-06,75
CHK00056,MB0261,C05,2024-11-04,60
CHK00057,MB0233,C02,2024-07-01,90
CHK00058,MB0766,C06,2024-10-10,90
CHK00059,MB0519,C02,2024-10-04,90
CHK00060,MB0746,C03,2024-11-30,30
CHK00061,MB0253,C05,2024-09-11,90
CHK00062,MB0108,C05,2024-06-06,30
CHK00063,MB0283,C07,2024-12-06,75
CHK00064,MB0012,C04,2024-10-01,75
CHK00065,MB0167,C06,2024-08-25,90
CHK00066,MB0094,C05,2024-12-08,45
CHK00067,MB0103,C02,2024-01-30,30
CHK00068,MB0344,C05,2024-06-06,45
CHK00069,MB0281,C07,2024-12-16,90
CHK00070,MB0780,C04,2024-11-01,60
CHK00071,MB0545,C02,2024-07-13,45
CHK00072,MB0394,C06,2024-04-27,90
CHK00073,MB0536,C04,2024-08-21,45
CHK00074,MB0455,C08,2024-01-14,60
CHK00075,MB0537,C08,2024-09-16,45
CHK00076,MB0038,C02,2024-09-21,90
CHK00077,MB0711,C05,2024-05-04,45
CHK00078,MB0607,C02,2024-07-26,75
CHK00079,MB0399,C07,2024-03-20,30
CHK00080,MB0196,C05,2024-01-02,30
CHK00081,MB0465,C03,2024-10-01,60
CHK00082,MB0325,C02,2024-02-08,75
CHK00083,MB0746,C05,2024-05-13,30
CHK00084,MB0302,C02,2024-07-29,30
CHK00085,MB0178,C05,2024-06-13,75
CHK00086,MB0699,C02,2024-11-25,75
CHK00087,MB0587,C02,2024-12-18,90
CHK00088,MB0350,C06,2024-08-06,75
CHK00089,MB0211,C06,2024-12-06,75
CHK00090,MB0598,C08,2024-03-18,75
CHK00091,MB0419,C08,2024-05-12,45
CHK00092,MB0654,C03,2024-12-24,90
CHK00093,MB0380,C01,2024-06-22,75
CHK00094,MB0693,C05,2024-05-24,75
CHK00095,MB0400,C02,2024-06-08,90
CHK00096,MB0643,C02,2024-05-12,30
CHK00097,MB0219,C07,2024-04-24,75
CHK00098,MB0529,C02,2024-11-26,30
CHK00099,MB0629,C07,2024-12-17,75
CHK00100,MB0581,C07,2024-02-16,45
CHK00101,MB0205,C05,2024-05-08,75
CHK00102,MB0398,C07,2024-03-18,90
CHK00103,MB0271,C04,2024-03-23,60
CHK00104,MB0632,C08,2024-12-20,30
CHK00105,MB0540,C07,2024-01-18,30
CHK00106,MB0312,C03,2024-02-22,45
CHK00107,MB0445,C06,2024-04-11,60
CHK00108,MB0799,C08,2024-02-19,45
CHK00109,MB0326,C07,2024-12-10,45
CHK00110,MB0317,C05,2024-10-30,90
CHK00111,MB0217,C06,2024-06-23,30
CHK00112,MB0699,C05,2024-07-26,90
CHK00113,MB0402,C01,2024-05-18,90
CHK00114,MB0635,C01,2024-07-08,75
CHK00115,MB0363,C01,2024-09-02,75
CHK00116,MB0456,C04,2024-05-06,30
CHK00117,MB0659,C05,2024-09-16,75
CHK00118,MB0718,C01,2024-08-23,75
CHK00119,MB0322,C01,2024-01-24,90
CHK00120,MB0153,C08,2024-10-22,90
CHK00121,MB0586,C01,2024-09-07,30
CHK00122,MB0359,C07,2024-02-16,45
CHK00123,MB0567,C07,2024-03-16,45
CHK00124,MB0099,C08,2024-09-19,30
CHK00125,MB0364,C04,2024-11-15,60
CHK00126,MB0714,C06,2024-03-25,30
CHK00127,MB0277,C04,2024-06-29,45
CHK00128,MB0345,C06,2024-02-19,75
CHK00129,MB0517,C02,2024-03-23,45
CHK00130,MB0064,C07,2024-01-18,45
CHK00131,MB0559,C06,2024-06-11,75
CHK00132,MB0519,C02,2024-07-21,90
CHK00133,MB0672,C07,2024-11-18,30
CHK00134,MB0077,C04,2024-04-02,45
CHK00135,MB0719,C05,2024-02-12,75
CHK00136,MB0241,C03,2024-03-17,75
CHK00137,MB0070,C04,2024-06-28,30
CHK00138,MB0437,C07,2024-08-17,90
CHK00139,MB0668,C05,2024-12-06,30
CHK00140,MB0776,C07,2024-04-13,90
CHK00141,MB0191,C05,2024-08-03,45
CHK00142,MB0069,C06,2024-01-20,60
CHK00143,MB0672,C01,2024-08-24,90
CHK00144,MB0352,C07,2024-09-28,75
CHK00145,MB0115,C08,2024-08-12,30
CHK00146,MB0572,C02,2024-02-24,30
CHK00147,MB0123,C05,2024-05-12,30
CHK00148,MB0737,C08,2024-11-22,75
CHK00149,MB0686,C04,2024-10-12,75
CHK00150,MB0200,C05,2024-02-18,45
CHK00151,MB0077,C08,2024-12-31,90
CHK00152,MB0731,C06,2024-09-04,90
CHK00153,MB0186,C08,2024-04-23,45
CHK00154,MB0349,C07,2024-11-01,90
CHK00155,MB0322,C04,2024-11-03,30
CHK00156,MB0412,C06,2024-11-29,90
CHK00157,MB0106,C03,2024-08-24,90
CHK00158,MB0440,C06,2024-10-30,60
CHK00159,MB0708,C06,2024-09-05,30
CHK00160,MB0146,C03,2024-11-23,75
CHK00161,MB0154,C01,2024-05-24,30
CHK00162,MB0270,C07,2024-01-07,60
CHK00163,MB0003,C05,2024-05-23,90
CHK00164,MB0245,C06,2024-09-02,30
CHK00165,MB0200,C08,2024-05-05,60
CHK00166,MB0632,C08,2024-01-10,30
CHK00167,MB0139,C06,2024-02-01,45
CHK00168,MB0453,C08,2024-04-24,75
CHK00169,MB0517,C05,2024-04-20,75
CHK00170,MB0767,C01,2024-12-20,30
CHK00171,MB0563,C06,2024-09-21,90
CHK00172,MB0487,C02,2024-08-21,75
CHK00173,MB0427,C05,2024-01-15,75
CHK00174,MB0748,C04,2024-07-01,75
CHK00175,MB0298,C08,2024-09-27,45
CHK00176,MB0738,C02,2024-11-04,90
CHK00177,MB0347,C02,2024-06-08,75
CHK00178,MB0490,C01,2024-06-06,75
CHK00179,MB0012,C05,2024-05-11,90
CHK00180,MB0656,C02,2024-01-20,60
CHK00181,MB0333,C07,2024-05-28,90
CHK00182,MB0222,C07,2024-01-16,90
CHK00183,MB0769,C06,2024-02-03,75
CHK00184,MB0208,C06,2024-08-18,75
CHK00185,MB0206,C02,2024-10-12,90
CHK00186,MB0149,C03,2024-03-26,90
CHK00187,MB0430,C07,2024-05-03,75
CHK00188,MB0678,C06,2024-12-20,90
CHK00189,MB0528,C03,2024-04-13,30
CHK00190,MB0599,C04,2024-06-19,45
CHK00191,MB0357,C05,2024-02-26,30
CHK00192,MB0750,C06,2024-05-30,30
CHK00193,MB0748,C08,2024-02-22,30
CHK00194,MB0493,C02,2024-01-04,45
CHK00195,MB0756,C05,2024-11-13,60
CHK00196,MB0442,C02,2024-10-15,90
CHK00197,MB0642,C01,2024-02-13,75
CHK00198,MB0745,C07,2024-09-25,45
CHK00199,MB0013,C07,2024-03-25,30
CHK00200,MB0022,C01,2024-04-27,75
CHK00201,MB0397,C04,2024-07-21,30
CHK00202,MB0506,C08,2024-11-14,30
CHK00203,MB0396,C07,2024-12-03,30
CHK00204,MB0005,C05,2024-01-18,30
CHK00205,MB0579,C06,2024-10-04,30
CHK00206,MB0247,C06,2024-07-22,90
CHK00207,MB0295,C06,2024-05-23,30
CHK00208,MB0527,C01,2024-02-04,45
CHK00209,MB0130,C02,2024-04-28,30
CHK00210,MB0635,C01,2024-12-24,45
CHK00211,MB0478,C03,2024-02-14,75
CHK00212,MB0653,C02,2024-06-20,45
CHK00213,MB0525,C07,2024-05-27,60
CHK00214,MB0029,C01,2024-12-11,75
CHK00215,MB0658,C02,2024-10-29,90
CHK00216,MB0671,C07,2024-09-17,30
CHK00217,MB0340,C01,2024-01-08,30
CHK00218,MB0316,C08,2024-03-19,60
CHK00219,MB0449,C08,2024-12-30,60
CHK00220,MB0008,C01,2024-07-09,60
CHK00221,MB0718,C05,2024-07-08,30
CHK00222,MB0043,C08,2024-04-30,30
CHK00223,MB0748,C08,2024-07-20,60
CHK00224,MB0119,C08,2024-03-13,45
CHK00225,MB0209,C02,2024-06-10,45
CHK00226,MB0247,C06,2024-09-19,60
CHK00227,MB0339,C07,2024-02-13,75
CHK00228,MB0646,C01,2024-06-26,30
CHK00229,MB0078,C07,2024-08-17,90
CHK00230,MB0600,C08,2024-10-23,30
CHK00231,MB0678,C01,2024-04-01,45
CHK00232,MB0119,C05,2024-10-05,30
CHK00233,MB0382,C08,2024-09-21,30
CHK00234,MB0670,C03,2024-02-15,90
CHK00235,MB0613,C01,2024-09-02,75
CHK00236,MB0049,C07,2024-06-19,90
CHK00237,MB0177,C01,2024-09-24,60
CHK00238,MB0413,C03,2024-09-05,60
CHK00239,MB0463,C04,2024-04-20,90
CHK00240,MB0050,C03,2024-05-26,30
CHK00241,MB0700,C03,2024-03-21,45
CHK00242,MB0515,C04,2024-09-10,30
CHK00243,MB0737,C05,2024-04-28,75
CHK00244,MB0237,C06,2024-09-01,60
CHK00245,MB0073,C02,2024-09-18,30
CHK00246,MB0225,C04,2024-06-14,45
CHK00247,MB0500,C08,2024-07-05,90
CHK00248,MB0474,C07,2024-03-12,90
CHK00249,MB0305,C05,2024-11-18,90
CHK00250,MB0433,C07,2024-05-30,75
CHK00251,MB0461,C01,2024-08-05,90
CHK00252,MB0445,C08,2024-01-22,45
CHK00253,MB0004,C01,2024-04-16,60
CHK00254,MB0731,C08,2024-12-15,30
CHK00255,MB0706,C02,2024-03-28,75
CHK00256,MB0445,C07,2024-11-18,30
CHK00257,MB0630,C01,2024-04-29,60
CHK00258,MB0330,C05,2024-11-09,90
CHK00259,MB0268,C02,2024-07-01,90
CHK00260,MB0511,C08,2024-07-19,90
CHK00261,MB0307,C05,2024-12-22,75
CHK00262,MB0669,C08,2024-12-10,30
CHK00263,MB0561,C08,2024-06-16,90
CHK00264,MB0406,C03,2024-08-28,60
CHK00265,MB0534,C02,2024-10-08,45
CHK00266,MB0622,C06,2024-07-17,60
CHK00267,MB0614,C06,2024-08-09,30
CHK00268,MB0273,C03,2024-04-07,90
CHK00269,MB0321,C03,2024-10-01,30
CHK00270,MB0676,C08,2024-04-16,30
CHK00271,MB0194,C01,2024-06-19,30
CHK00272,MB0426,C02,2024-11-08,60
CHK00273,MB0730,C03,2024-11-08,60
CHK00274,MB0353,C04,2024-02-11,60
CHK00275,MB0269,C07,2024-10-23,60
CHK00276,MB0334,C08,2024-11-23,30
CHK00277,MB0655,C06,2024-06-24,45
CHK00278,MB0147,C02,2024-03-31,90
CHK00279,MB0465,C06,2024-02-26,90
CHK00280,MB0469,C01,2024-07-25,90
CHK00281,MB0658,C07,2024-08-28,60
CHK00282,MB0053,C06,2024-11-23,45
CHK00283,MB0297,C06,2024-07-13,75
CHK00284,MB0187,C05,2024-12-05,30
CHK00285,MB0119,C01,2024-10-19,60
CHK00286,MB0139,C06,2024-12-07,90
CHK00287,MB0345,C07,2024-10-25,75
CHK00288,MB0534,C08,2024-04-05,60
CHK00289,MB0049,C07,2024-08-25,90
CHK00290,MB0739,C06,2024-04-08,90
CHK00291,MB0145,C03,2024-09-26,45
CHK00292,MB0543,C05,2024-03-03,75
CHK00293,MB0142,C02,2024-04-26,30
CHK00294,MB0569,C04,2024-04-04,90
CHK00295,MB0650,C02,2024-03-22,60
CHK00296,MB0212,C05,2024-12-18,30
CHK00297,MB0179,C03,2024-08-19,30
CHK00298,MB0733,C05,2024-04-28,30
CHK00299,MB0076,C04,2024-11-19,60
CHK00300,MB0376,C01,2024-04-09,75
CHK00301,MB0109,C06,2024-03-10,30
CHK00302,MB0289,C06,2024-01-21,45
CHK00303,MB0022,C06,2024-04-07,60
CHK00304,MB0727,C01,2024-12-17,30
CHK00305,MB0428,C05,2024-03-10,60
CHK00306,MB0406,C04,2024-05-25,30
CHK00307,MB0587,C02,2024-05-02,45
CHK00308,MB0253,C04,2024-03-14,90
CHK00309,MB0422,C07,2024-12-19,30
CHK00310,MB0703,C06,2024-06-04,90
CHK00311,MB0229,C02,2024-07-30,45
CHK00312,MB0282,C02,2024-08-15,75
CHK00313,MB0162,C05,2024-03-24,60
CHK00314,MB0142,C02,2024-09-27,60
CHK00315,MB0509,C03,2024-05-22,90
CHK00316,MB0379,C05,2024-08-01,75
CHK00317,MB0591,C02,2024-10-03,45
CHK00318,MB0324,C02,2024-03-13,30
CHK00319,MB0388,C05,2024-10-14,75
CHK00320,MB0273,C07,2024-08-26,45
CHK00321,MB0575,C06,2024-12-05,75
CHK00322,MB0636,C01,2024-07-20,75
CHK00323,MB0114,C02,2024-05-01,75
CHK00324,MB0205,C03,2024-08-07,45
CHK00325,MB0742,C05,2024-09-21,45
CHK00326,MB0037,C02,2024-12-08,30
CHK00327,MB0243,C02,2024-02-01,45
CHK00328,MB0655,C01,2024-12-06,30
CHK00329,MB0763,C04,2024-08-24,90
CHK00330,MB0098,C07,2024-03-28,45
CHK00331,MB0537,C01,2024-08-01,60
CHK00332,MB0374,C06,2024-06-16,45
CHK00333,MB0443,C06,2024-10-27,75
CHK00334,MB0063,C05,2024-06-25,30
CHK00335,MB0402,C06,2024-04-02,60
CHK00336,MB0331,C02,2024-09-10,75
CHK00337,MB0244,C05,2024-02-09,45
CHK00338,MB0409,C05,2024-11-07,90
CHK00339,MB0580,C08,2024-04-22,30
CHK00340,MB0319,C02,2024-10-30,30
CHK00341,MB0703,C05,2024-07-24,45
CHK00342,MB0667,C06,2024-01-15,45
CHK00343,MB0625,C05,2024-10-22,90
CHK00344,MB0427,C05,2024-10-05,90
CHK00345,MB0257,C03,2024-11-18,90
CHK00346,MB0776,C07,2024-08-25,45
CHK00347,MB0179,C02,2024-04-01,45
CHK00348,MB0507,C02,2024-07-14,75
CHK00349,MB0294,C05,2024-08-27,45
CHK00350,MB0525,C03,2024-05-06,90
CHK00351,MB0778,C08,2024-06-08,45
CHK00352,MB0544,C06,2024-01-19,45
CHK00353,MB0455,C01,2024-07-12,75
CHK00354,MB0480,C02,2024-03-21,75
CHK00355,MB0601,C07,2024-06-25,90
CHK00356,MB0730,C03,2024-12-20,60
CHK00357,MB0512,C03,2024-04-27,45
CHK00358,MB0526,C01,2024-01-11,45
CHK00359,MB0789,C08,2024-10-16,30
CHK00360,MB0294,C08,2024-08-26,45
CHK00361,MB0440,C03,2024-05-12,45
CHK00362,MB0473,C05,2024-07-11,45
CHK00363,MB0718,C05,2024-01-08,60
CHK00364,MB0403,C08,2024-08-04,60
CHK00365,MB0712,C06,2024-03-24,90
CHK00366,MB0405,C03,2024-08-19,75
CHK00367,MB0246,C03,2024-01-24,60
CHK00368,MB0461,C03,2024-03-25,30
CHK00369,MB0650,C03,2024-07-19,30
CHK00370,MB0410,C08,2024-01-25,75
CHK00371,MB0514,C02,2024-05-24,75
CHK00372,MB0203,C04,2024-10-13,90
CHK00373,MB0564,C08,2024-04-21,30
CHK00374,MB0002,C04,2024-12-29,90
CHK00375,MB0628,C04,2024-06-02,60
CHK00376,MB0774,C07,2024-12-11,75
CHK00377,MB0796,C08,2024-02-11,45
CHK00378,MB0329,C08,2024-03-21,90
CHK00379,MB0191,C07,2024-12-13,30
CHK00380,MB0411,C06,2024-03-29,75
CHK00381,MB0494,C08,2024-11-18,60
CHK00382,MB0071,C08,2024-02-19,60
CHK00383,MB0535,C07,2024-10-13,60
CHK00384,MB0291,C06,2024-01-28,90
CHK00385,MB0272,C07,2024-09-04,90
CHK00386,MB0547,C08,2024-03-29,90
CHK00387,MB0407,C04,2024-10-09,75
CHK00388,MB0049,C05,2024-04-30,60
CHK00389,MB0162,C08,2024-11-11,90
CHK00390,MB0258,C01,2024-04-27,60
CHK00391,MB0102,C03,2024-12-23,90
CHK00392,MB0733,C05,2024-06-23,30
CHK00393,MB0338,C03,2024-09-04,60
CHK00394,MB0489,C07,2024-01-27,75
CHK00395,MB0800,C07,2024-08-02,30
CHK00396,MB0298,C05,2024-06-08,75
CHK00397,MB0702,C03,2024-12-09,75
CHK00398,MB0064,C03,2024-08-15,30
CHK00399,MB0482,C08,2024-10-30,30
CHK00400,MB0019,C08,2024-07-25,30
CHK00401,MB0450,C07,2024-05-22,75
CHK00402,MB0182,C01,2024-03-12,45
CHK00403,MB0352,C06,2024-11-22,45
CHK00404,MB0510,C01,2024-02-08,30
CHK00405,MB0395,C06,2024-06-08,30
CHK00406,MB0017,C06,2024-01-10,45
CHK00407,MB0537,C05,2024-04-30,45
CHK00408,MB0223,C07,2024-04-05,60
CHK00409,MB0010,C07,2024-06-20,45
CHK00410,MB0414,C03,2024-03-26,45
CHK00411,MB0687,C07,2024-08-25,60
CHK00412,MB0796,C08,2024-09-19,60
CHK00413,MB0706,C08,2024-01-24,30
CHK00414,MB0736,C05,2024-08-29,45
CHK00415,MB0441,C05,2024-10-06,30
CHK00416,MB0184,C07,2024-11-06,60
CHK00417,MB0261,C01,2024-02-27,30
CHK00418,MB0512,C01,2024-09-15,30
CHK00419,MB0768,C02,2024-01-10,90
CHK00420,MB0707,C07,2024-11-19,75
CHK00421,MB0356,C02,2024-02-19,75
CHK00422,MB0200,C01,2024-03-12,75
CHK00423,MB0357,C03,2024-05-08,45
CHK00424,MB0145,C06,2024-08-08,60
CHK00425,MB0176,C04,2024-09-26,30
CHK00426,MB0112,C04,2024-01-08,60
CHK00427,MB0735,C03,2024-01-02,60
CHK00428,MB0097,C02,2024-12-29,60
CHK00429,MB0478,C08,2024-05-30,30
CHK00430,MB0473,C02,2024-01-25,75
CHK00431,MB0695,C04,2024-11-06,90
CHK00432,MB0435,C03,2024-07-02,45
CHK00433,MB0079,C08,2024-09-02,90
CHK00434,MB0605,C05,2024-03-08,90
CHK00435,MB0160,C08,2024-05-26,75
CHK00436,MB0709,C02,2024-04-15,90
CHK00437,MB0293,C03,2024-07-09,75
CHK00438,MB0237,C04,2024-02-11,75
CHK00439,MB0519,C02,2024-06-18,30
CHK00440,MB0157,C03,2024-03-07,75
CHK00441,MB0635,C04,2024-02-21,30
CHK00442,MB0288,C01,2024-07-25,75
CHK00443,MB0203,C06,2024-02-02,75
CHK00444,MB0688,C02,2024-03-16,60
CHK00445,MB0716,C06,2024-05-17,45
CHK00446,MB0102,C07,2024-12-05,75
CHK00447,MB0113,C05,2024-10-25,90
CHK00448,MB0190,C05,2024-07-24,90
CHK00449,MB0415,C08,2024-12-28,90
CHK00450,MB0133,C04,2024-04-25,30
CHK00451,MB0155,C07,2024-03-28,30
CHK00452,MB0077,C03,2024-11-19,90
CHK00453,MB0583,C06,2024-06-05,90
CHK00454,MB0159,C08,2024-08-04,60
CHK00455,MB0219,C02,2024-06-23,45
CHK00456,MB0621,C02,2024-08-10,90
CHK00457,MB0186,C06,2024-02-23,75
CHK00458,MB0239,C05,2024-09-03,75
CHK00459,MB0382,C01,2024-07-13,90
CHK00460,MB0439,C05,2024-04-20,60
CHK00461,MB0263,C07,2024-07-06,75
CHK00462,MB0115,C01,2024-07-17,45
CHK00463,MB0743,C01,2024-08-16,45
CHK00464,MB0094,C07,2024-10-05,45
CHK00465,MB0655,C04,2024-04-07,30
CHK00466,MB0399,C04,2024-05-25,45
CHK00467,MB0539,C06,2024-02-11,45
CHK00468,MB0304,C02,2024-04-23,60
CHK00469,MB0656,C07,2024-02-21,75
CHK00470,MB0241,C07,2024-03-03,60
CHK00471,MB0076,C03,2024-03-22,90
CHK00472,MB0499,C04,2024-07-27,60
CHK00473,MB0642,C05,2024-09-02,30
CHK00474,MB0422,C02,2024-10-10,60
CHK00475,MB0060,C04,2024-12-16,90
CHK00476,MB0714,C06,2024-07-20,30
CHK00477,MB0080,C06,2024-08-06,90
CHK00478,MB0129,C03,2024-02-14,60
CHK00479,MB0174,C08,2024-10-06,30
CHK00480,MB0764,C06,2024-06-06,75
CHK00481,MB0597,C08,2024-12-28,90
CHK00482,MB0311,C06,2024-03-21,30
CHK00483,MB0448,C04,2024-03-25,75
CHK00484,MB0344,C01,2024-02-20,60
CHK00485,MB0461,C06,2024-10-17,60
CHK00486,MB0527,C02,2024-04-24,60
CHK00487,MB0068,C06,2024-06-30,75
CHK00488,MB0519,C05,2024-10-24,90
CHK00489,MB0318,C07,2024-07-19,60
CHK00490,MB0091,C06,2024-07-01,45
CHK00491,MB0329,C07,2024-07-11,45
CHK00492,MB0020,C03,2024-08-28,75
CHK00493,MB0282,C02,2024-08-14,45
CHK00494,MB0781,C06,2024-02-25,90
CHK00495,MB0743,C07,2024-03-21,45
CHK00496,MB0692,C08,2024-11-04,30
CHK00497,MB0474,C07,2024-07-01,30
CHK00498,MB0487,C05,2024-04-15,60
CHK00499,MB0549,C05,2024-06-04,45
CHK00500,MB0336,C04,2024-08-04,30
CHK00501,MB0295,C05,2024-12-30,75
CHK00502,MB0380,C07,2024-11-12,90
CHK00503,MB0356,C02,2024-01-01,60
CHK00504,MB0573,C03,2024-11-28,90
CHK00505,MB0564,C07,2024-10-20,90
CHK00506,MB0619,C01,2024-11-11,45
CHK00507,MB0579,C04,2024-10-28,45
CHK00508,MB0656,C04,2024-06-09,90
CHK00509,MB0786,C07,2024-06-01,60
CHK00510,MB0512,C02,2024-06-14,60
CHK00511,MB0534,C07,2024-02-13,30
CHK00512,MB0576,C02,2024-07-18,45
CHK00513,MB0548,C07,2024-01-11,45
CHK00514,MB0631,C04,2024-11-03,90
CHK00515,MB0765,C02,2024-07-27,75
CHK00516,MB0053,C03,2024-06-05,30
CHK00517,MB0122,C03,2024-11-23,45
CHK00518,MB0444,C03,2024-12-14,45
CHK00519,MB0599,C01,2024-05-30,90
CHK00520,MB0599,C03,2024-10-01,30
CHK00521,MB0799,C06,2024-03-10,75
CHK00522,MB0640,C04,2024-12-18,45
CHK00523,MB0589,C08,2024-10-18,75
CHK00524,MB0608,C06,2024-03-17,90
CHK00525,MB0796,C04,2024-03-14,75
CHK00526,MB0137,C08,2024-03-18,45
CHK00527,MB0524,C05,2024-09-28,75
CHK00528,MB0249,C01,2024-03-31,45
CHK00529,MB0254,C04,2024-04-30,75
CHK00530,MB0640,C01,2024-01-24,45
CHK00531,MB0766,C07,2024-10-15,30
CHK00532,MB0498,C07,2024-05-18,75
CHK00533,MB0682,C08,2024-04-19,45
CHK00534,MB0687,C01,2024-10-09,75
CHK00535,MB0796,C02,2024-02-05,75
CHK00536,MB0653,C04,2024-01-18,90
CHK00537,MB0536,C04,2024-12-10,75
CHK00538,MB0551,C01,2024-08-16,30
CHK00539,MB0162,C01,2024-08-18,90
CHK00540,MB0211,C03,2024-11-16,90
CHK00541,MB0086,C01,2024-06-18,60
CHK00542,MB0309,C05,2024-07-11,30
CHK00543,MB0532,C07,2024-06-21,60
CHK00544,MB0289,C01,2024-08-24,45
CHK00545,MB0291,C07,2024-07-24,90
CHK00546,MB0033,C05,2024-08-14,60
CHK00547,MB0505,C03,2024-10-12,60
CHK00548,MB0106,C06,2024-02-04,75
CHK00549,MB0343,C03,2024-10-22,60
CHK00550,MB0072,C07,2024-03-01,75
CHK00551,MB0050,C02,2024-08-27,60
CHK00552,MB0267,C07,2024-12-13,45
CHK00553,MB0288,C05,2024-03-16,45
CHK00554,MB0545,C01,2024-10-28,90
CHK00555,MB0326,C03,2024-05-09,60
CHK00556,MB0646,C02,2024-09-24,30
CHK00557,MB0289,C01,2024-12-21,90
CHK00558,MB0631,C02,2024-11-29,90
CHK00559,MB0041,C01,2024-12-24,30
CHK00560,MB0207,C02,2024-01-22,45
CHK00561,MB0603,C07,2024-01-30,90
CHK00562,MB0473,C02,2024-02-04,75
CHK00563,MB0603,C01,2024-03-20,60
CHK00564,MB0426,C06,2024-11-17,90
CHK00565,MB0547,C02,2024-09-02,60
CHK00566,MB0452,C03,2024-08-22,30
CHK00567,MB0420,C01,2024-08-21,60
CHK00568,MB0160,C05,2024-07-15,60
CHK00569,MB0673,C06,2024-12-11,45
CHK00570,MB0250,C04,2024-11-29,30
CHK00571,MB0235,C07,2024-01-23,60
CHK00572,MB0172,C07,2024-02-25,90
CHK00573,MB0044,C01,2024-04-06,60
CHK00574,MB0036,C07,2024-08-05,30
CHK00575,MB0436,C01,2024-10-16,60
CHK00576,MB0779,C04,2024-04-23,90
CHK00577,MB0140,C01,2024-06-18,60
CHK00578,MB0464,C08,2024-07-31,30
CHK00579,MB0787,C05,2024-01-03,45
CHK00580,MB0292,C05,2024-10-30,90
CHK00581,MB0520,C04,2024-04-18,45
CHK00582,MB0498,C02,2024-04-11,90
CHK00583,MB0759,C07,2024-05-09,30
CHK00584,MB0056,C05,2024-08-12,60
CHK00585,MB0475,C03,2024-10-20,30
CHK00586,MB0705,C04,2024-05-01,45
CHK00587,MB0247,C05,2024-04-05,45
CHK00588,MB0162,C05,2024-12-19,90
CHK00589,MB0546,C07,2024-01-12,90
CHK00590,MB0419,C02,2024-04-17,60
CHK00591,MB0564,C02,2024-02-01,75
CHK00592,MB0143,C07,2024-09-30,30
CHK00593,MB0478,C03,2024-07-01,75
CHK00594,MB0609,C05,2024-06-06,90
CHK00595,MB0636,C05,2024-05-07,30
CHK00596,MB0492,C06,2024-10-10,45
CHK00597,MB0556,C08,2024-11-14,90
CHK00598,MB0404,C03,2024-08-23,45
CHK00599,MB0405,C08,2024-02-11,75
CHK00600,MB0086,C06,2024-08-07,30
CHK00601,MB0009,C04,2024-10-26,45
CHK00602,MB0658,C03,2024-09-17,30
CHK00603,MB0672,C07,2024-06-27,45
CHK00604,MB0176,C03,2024-11-17,30
CHK00605,MB0728,C08,2024-10-16,60
CHK00606,MB0316,C02,2024-05-21,60
CHK00607,MB0082,C06,2024-03-08,45
CHK00608,MB0274,C01,2024-02-13,75
CHK00609,MB0390,C04,2024-12-29,75
CHK00610,MB0134,C03,2024-02-18,30
CHK00611,MB0720,C04,2024-12-26,90
CHK00612,MB0747,C03,2024-08-16,75
CHK00613,MB0508,C05,2024-05-10,90
CHK00614,MB0520,C02,2024-03-18,75
CHK00615,MB0741,C08,2024-04-30,90
CHK00616,MB0117,C04,2024-10-26,60
CHK00617,MB0555,C05,2024-08-21,60
CHK00618,MB0291,C03,2024-05-08,45
CHK00619,MB0608,C05,2024-10-16,60
CHK00620,MB0381,C04,2024-07-29,45
CHK00621,MB0669,C07,2024-04-27,30
CHK00622,MB0062,C02,2024-12-03,90
CHK00623,MB0085,C08,2024-12-19,45
CHK00624,MB0310,C08,2024-08-16,90
CHK00625,MB0063,C08,2024-05-18,60
CHK00626,MB0219,C07,2024-10-31,30
CHK00627,MB0647,C07,2024-03-30,30
CHK00628,MB0330,C02,2024-03-28,30
CHK00629,MB0790,C02,2024-09-01,45
CHK00630,MB0380,C05,2024-11-02,45
CHK00631,MB0447,C03,2024-10-05,45
CHK00632,MB0181,C08,2024-09-20,45
CHK00633,MB0367,C04,2024-07-09,90
CHK00634,MB0088,C08,2024-08-28,45
CHK00635,MB0170,C07,2024-05-10,90
CHK00636,MB0414,C08,2024-09-22,75
CHK00637,MB0018,C04,2024-03-31,90
CHK00638,MB0783,C02,2024-07-17,45
CHK00639,MB0549,C07,2024-12-26,30
CHK00640,MB0206,C01,2024-01-02,75
CHK00641,MB0709,C07,2024-05-17,30
CHK00642,MB0701,C02,2024-08-30,60
CHK00643,MB0358,C01,2024-06-13,90
CHK00644,MB0276,C03,2024-03-09,90
CHK00645,MB0460,C01,2024-05-20,30
CHK00646,MB0012,C07,2024-03-16,90
CHK00647,MB0581,C01,2024-11-12,60
CHK00648,MB0106,C08,2024-12-27,90
CHK00649,MB0190,C02,2024-01-14,90
CHK00650,MB0280,C08,2024-09-30,75
CHK00651,MB0317,C05,2024-10-12,90
CHK00652,MB0645,C08,2024-10-17,60
CHK00653,MB0561,C03,2024-08-31,60
CHK00654,MB0342,C02,2024-06-11,60
CHK00655,MB0650,C02,2024-04-08,60
CHK00656,MB0564,C02,2024-07-26,45
CHK00657,MB0718,C08,2024-06-14,45
CHK00658,MB0659,C05,2024-01-15,60
CHK00659,MB0192,C04,2024-10-16,60
CHK00660,MB0084,C04,2024-12-21,60
CHK00661,MB0285,C05,2024-07-24,45
CHK00662,MB0686,C06,2024-12-30,75
CHK00663,MB0303,C02,2024-08-12,45
CHK00664,MB0243,C06,2024-09-06,30
CHK00665,MB0618,C01,2024-05-14,90
CHK00666,MB0493,C03,2024-05-09,90
CHK00667,MB0396,C08,2024-11-28,90
CHK00668,MB0509,C03,2024-04-30,75
CHK00669,MB0198,C01,2024-11-09,30
CHK00670,MB0425,C06,2024-02-18,90
CHK00671,MB0031,C02,2024-10-29,45
CHK00672,MB0752,C08,2024-11-05,45
CHK00673,MB0207,C06,2024-05-30,90
CHK00674,MB0059,C04,2024-02-07,90
CHK00675,MB0557,C02,2024-06-19,60
CHK00676,MB0628,C02,2024-07-12,90
CHK00677,MB0485,C03,2024-08-07,45
CHK00678,MB0507,C05,2024-12-10,45
CHK00679,MB0414,C03,2024-11-07,75
CHK00680,MB0109,C03,2024-12-16,30
CHK00681,MB0265,C03,2024-10-25,60
CHK00682,MB0784,C05,2024-04-13,30
CHK00683,MB0433,C02,2024-12-29,60
CHK00684,MB0072,C07,2024-03-07,30
CHK00685,MB0220,C02,2024-09-14,30
CHK00686,MB0718,C03,2024-08-05,30
CHK00687,MB0041,C02,2024-06-28,30
CHK00688,MB0575,C04,2024-06-07,45
CHK00689,MB0532,C02,2024-09-15,90
CHK00690,MB0653,C02,2024-07-31,90
CHK00691,MB0343,C03,2024-12-14,90
CHK00692,MB0281,C05,2024-02-02,45
CHK00693,MB0215,C03,2024-07-08,75
CHK00694,MB0105,C07,2024-12-12,75
CHK00695,MB0277,C05,2024-03-27,75
CHK00696,MB0074,C04,2024-12-02,30
CHK00697,MB0304,C01,2024-02-26,60
CHK00698,MB0184,C02,2024-07-26,60
CHK00699,MB0156,C02,2024-08-01,75
CHK00700,MB0463,C04,2024-03-22,75
CHK00701,MB0476,C03,2024-01-28,60
CHK00702,MB0747,C06,2024-01-25,60
CHK00703,MB0428,C06,2024-03-17,30
CHK00704,MB0073,C01,2024-11-26,60
CHK00705,MB0723,C04,2024-03-13,45
CHK00706,MB0294,C01,2024-11-29,45
CHK00707,MB0727,C07,2024-03-01,45
CHK00708,MB0034,C04,2024-09-19,30
CHK00709,MB0584,C08,2024-09-23,45
CHK00710,MB0309,C08,2024-08-25,30
CHK00711,MB0659,C05,2024-12-25,30
CHK00712,MB0246,C06,2024-06-04,90
CHK00713,MB0351,C04,2024-07-20,30
CHK00714,MB0336,C06,2024-10-08,90
CHK00715,MB0097,C08,2024-02-21,75
CHK00716,MB0340,C02,2024-04-21,60
CHK00717,MB0542,C07,2024-08-20,45
CHK00718,MB0102,C05,2024-09-23,60
CHK00719,MB0512,C08,2024-06-26,30
CHK00720,MB0072,C04,2024-02-24,75
CHK00721,MB0272,C06,2024-04-15,45
CHK00722,MB0141,C04,2024-10-16,75
CHK00723,MB0106,C03,2024-11-12,90
CHK00724,MB0099,C04,2024-06-22,75
CHK00725,MB0440,C06,2024-05-11,30
CHK00726,MB0236,C06,2024-04-27,90
CHK00727,MB0203,C02,2024-02-22,30
CHK00728,MB0667,C01,2024-10-15,60
CHK00729,MB0724,C02,2024-12-31,45
CHK00730,MB0124,C08,2024-07-18,45
CHK00731,MB0001,C08,2024-12-23,75
CHK00732,MB0052,C01,2024-01-01,90
CHK00733,MB0098,C04,2024-03-03,75
CHK00734,MB0334,C03,2024-04-07,90
CHK00735,MB0593,C01,2024-01-25,60
CHK00736,MB0121,C02,2024-04-16,60
CHK00737,MB0477,C07,2024-01-13,75
CHK00738,MB0068,C02,2024-07-03,30
CHK00739,MB0211,C04,2024-06-26,75
CHK00740,MB0319,C06,2024-11-05,90
CHK00741,MB0007,C06,2024-12-22,75
CHK00742,MB0571,C08,2024-02-28,90
CHK00743,MB0167,C06,2024-05-13,30
CHK00744,MB0440,C04,2024-09-25,75
CHK00745,MB0553,C05,2024-12-22,90
CHK00746,MB0459,C02,2024-04-02,60
CHK00747,MB0782,C01,2024-07-03,60
CHK00748,MB0770,C05,2024-03-14,60
CHK00749,MB0193,C01,2024-12-06,60
CHK00750,MB0503,C08,2024-02-25,90
CHK00751,MB0325,C08,2024-12-01,30
CHK00752,MB0800,C07,2024-03-18,60
CHK00753,MB0482,C04,2024-03-13,75
CHK00754,MB0638,C07,2024-05-22,45
CHK00755,MB0050,C05,2024-01-19,75
CHK00756,MB0240,C03,2024-09-11,45
CHK00757,MB0061,C01,2024-05-08,30
CHK00758,MB0451,C01,2024-12-12,90
CHK00759,MB0548,C03,2024-11-30,75
CHK00760,MB0714,C06,2024-06-16,45
CHK00761,MB0628,C08,2024-11-01,75
CHK00762,MB0089,C03,2024-12-10,90
CHK00763,MB0094,C06,2024-08-07,90
CHK00764,MB0079,C08,2024-05-10,75
CHK00765,MB0226,C03,2024-06-03,30
CHK00766,MB0769,C04,2024-01-01,90
CHK00767,MB0632,C03,2024-04-06,75
CHK00768,MB0698,C08,2024-04-02,60
CHK00769,MB0368,C06,2024-01-15,90
CHK00770,MB0702,C06,2024-06-02,60
CHK00771,MB0618,C08,2024-03-29,60
CHK00772,MB0182,C06,2024-12-11,30
CHK00773,MB0502,C01,2024-02-07,60
CHK00774,MB0330,C03,2024-11-08,30
CHK00775,MB0143,C03,2024-11-12,75
CHK00776,MB0200,C06,2024-02-15,60
CHK00777,MB0726,C07,2024-02-25,75
CHK00778,MB0490,C01,2024-05-10,60
CHK00779,MB0677,C04,2024-10-08,45
CHK00780,MB0144,C05,2024-04-21,90
CHK00781,MB0149,C07,2024-06-10,75
CHK00782,MB0357,C03,2024-05-20,45
CHK00783,MB0574,C01,2024-04-17,60
CHK00784,MB0592,C04,2024-02-08,30
CHK00785,MB0353,C04,2024-01-19,75
CHK00786,MB0150,C03,2024-12-18,90
CHK00787,MB0552,C01,2024-02-03,60
CHK00788,MB0030,C02,2024-05-22,90
CHK00789,MB0561,C04,2024-07-07,90
CHK00790,MB0203,C02,2024-09-06,45
CHK00791,MB0261,C02,2024-03-09,75
CHK00792,MB0582,C08,2024-07-11,30
CHK00793,MB0331,C02,2024-11-20,45
CHK00794,MB0464,C07,2024-03-21,75
CHK00795,MB0098,C03,2024-02-04,60
CHK00796,MB0305,C03,2024-11-18,30
CHK00797,MB0149,C03,2024-05-03,30
CHK00798,MB0791,C06,2024-03-06,45
CHK00799,MB0173,C04,2024-07-22,90
CHK00800,MB0349,C02,2024-12-14,60
CHK00801,MB0127,C08,2024-05-30,75
CHK00802,MB0088,C03,2024-11-24,30
CHK00803,MB0445,C06,2024-07-09,30
CHK00804,MB0721,C08,2024-08-31,30
CHK00805,MB0022,C03,2024-03-21,90
CHK00806,MB0126,C04,2024-09-06,60
CHK00807,MB0471,C03,2024-11-20,75
CHK00808,MB0252,C02,2024-09-01,90
CHK00809,MB0271,C08,2024-02-28,90
CHK00810,MB0304,C06,2024-04-21,45
CHK00811,MB0478,C03,2024-03-17,30
CHK00812,MB0068,C02,2024-10-01,90
CHK00813,MB0606,C06,2024-07-18,45
CHK00814,MB0546,C06,2024-02-17,45
CHK00815,MB0436,C05,2024-08-28,60
CHK00816,MB0581,C04,2024-12-06,45
CHK00817,MB0406,C06,2024-10-01,45
CHK00818,MB0588,C06,2024-04-07,75
CHK00819,MB0538,C02,2024-01-03,45
CHK00820,MB0625,C08,2024-06-22,30
CHK00821,MB0241,C08,2024-06-02,60
CHK00822,MB0160,C03,2024-03-08,45
CHK00823,MB0277,C05,2024-06-17,30
CHK00824,MB0463,C07,2024-08-30,60
CHK00825,MB0135,C04,2024-07-10,75
CHK00826,MB0136,C07,2024-03-29,90
CHK00827,MB0350,C06,2024-12-14,60
CHK00828,MB0283,C03,2024-03-30,45
CHK00829,MB0706,C04,2024-05-07,60
CHK00830,MB0369,C07,2024-01-30,90
CHK00831,MB0564,C08,2024-10-15,30
CHK00832,MB0055,C02,2024-05-13,60
CHK00833,MB0075,C01,2024-08-27,30
CHK00834,MB0446,C07,2024-10-01,30
CHK00835,MB0329,C02,2024-11-12,45
CHK00836,MB0661,C01,2024-04-25,45
CHK00837,MB0290,C06,2024-03-17,60
CHK00838,MB0385,C04,2024-07-14,45
CHK00839,MB0477,C01,2024-08-11,45
CHK00840,MB0229,C01,2024-04-29,45
CHK00841,MB0322,C02,2024-11-19,90
CHK00842,MB0484,C05,2024-09-21,75
CHK00843,MB0445,C04,2024-01-23,90
CHK00844,MB0452,C04,2024-03-22,60
CHK00845,MB0685,C07,2024-01-25,75
CHK00846,MB0129,C08,2024-04-09,90
CHK00847,MB0669,C08,2024-02-12,30
CHK00848,MB0746,C03,2024-12-07,45
CHK00849,MB0771,C07,2024-04-15,75
CHK00850,MB0205,C02,2024-12-24,30
CHK00851,MB0494,C07,2024-11-23,90
CHK00852,MB0547,C06,2024-05-14,60
CHK00853,MB0543,C04,2024-08-07,75
CHK00854,MB0158,C01,2024-03-14,30
CHK00855,MB0441,C08,2024-06-02,60
CHK00856,MB0226,C01,2024-06-19,75
CHK00857,MB0121,C08,2024-06-20,60
CHK00858,MB0774,C02,2024-01-16,30
CHK00859,MB0043,C04,2024-02-23,90
CHK00860,MB0018,C02,2024-12-09,75
CHK00861,MB0228,C02,2024-06-13,30
CHK00862,MB0522,C01,2024-12-10,60
CHK00863,MB0397,C07,2024-11-29,45
CHK00864,MB0150,C07,2024-01-10,75
CHK00865,MB0236,C03,2024-10-27,75
CHK00866,MB0412,C04,2024-12-28,30
CHK00867,MB0783,C03,2024-01-23,60
CHK00868,MB0325,C07,2024-07-12,90
CHK00869,MB0436,C05,2024-11-13,90
CHK00870,MB0544,C02,2024-09-05,90
CHK00871,MB0787,C04,2024-03-04,60
CHK00872,MB0194,C08,2024-02-27,45
CHK00873,MB0670,C08,2024-09-12,60
CHK00874,MB0247,C01,2024-03-31,45
CHK00875,MB0610,C04,2024-11-25,45
CHK00876,MB0072,C07,2024-12-27,60
CHK00877,MB0298,C07,2024-01-16,30
CHK00878,MB0764,C03,2024-08-28,90
CHK00879,MB0782,C04,2024-11-24,75
CHK00880,MB0101,C04,2024-07-09,75
CHK00881,MB0243,C06,2024-07-17,45
CHK00882,MB0360,C08,2024-11-19,60
CHK00883,MB0015,C07,2024-07-07,60
CHK00884,MB0446,C03,2024-06-25,60
CHK00885,MB0014,C04,2024-02-17,45
CHK00886,MB0375,C04,2024-05-18,45
CHK00887,MB0474,C06,2024-08-02,90
CHK00888,MB0288,C05,2024-11-18,45
CHK00889,MB0121,C07,2024-04-16,90
CHK00890,MB0655,C08,2024-09-18,90
CHK00891,MB0254,C03,2024-09-30,60
CHK00892,MB0267,C04,2024-07-01,75
CHK00893,MB0313,C07,2024-01-14,45
CHK00894,MB0426,C04,2024-05-15,60
CHK00895,MB0457,C03,2024-01-20,45
CHK00896,MB0225,C03,2024-01-28,60
CHK00897,MB0658,C01,2024-05-07,60
CHK00898,MB0682,C02,2024-07-27,90
CHK00899,MB0451,C05,2024-02-09,90
CHK00900,MB0645,C05,2024-07-01,60
CHK00901,MB0381,C05,2024-06-07,90
CHK00902,MB0334,C02,2024-04-21,90
CHK00903,MB0377,C05,2024-09-03,90
CHK00904,MB0266,C08,2024-08-07,60
CHK00905,MB0653,C02,2024-09-30,30
CHK00906,MB0309,C04,2024-04-10,90
CHK00907,MB0075,C08,2024-06-27,60
CHK00908,MB0490,C03,2024-06-29,90
CHK00909,MB0626,C05,2024-05-06,75
CHK00910,MB0688,C03,2024-02-09,90
CHK00911,MB0677,C03,2024-06-16,75
CHK00912,MB0387,C06,2024-05-10,60
CHK00913,MB0667,C05,2024-03-08,60
CHK00914,MB0369,C01,2024-03-19,75
CHK00915,MB0520,C02,2024-06-30,90
CHK00916,MB0310,C08,2024-12-25,30
CHK00917,MB0622,C08,2024-08-21,45
CHK00918,MB0496,C01,2024-04-01,75
CHK00919,MB0346,C05,2024-12-05,75
CHK00920,MB0465,C05,2024-11-13,30
CHK00921,MB0713,C04,2024-06-24,75
CHK00922,MB0505,C01,2024-04-15,75
CHK00923,MB0061,C07,2024-12-16,90
CHK00924,MB0003,C01,2024-06-05,45
CHK00925,MB0222,C02,2024-05-13,60
CHK00926,MB0229,C01,2024-01-15,30
CHK00927,MB0031,C03,2024-12-12,45
CHK00928,MB0446,C04,2024-05-04,75
CHK00929,MB0712,C02,2024-01-10,30
CHK00930,MB0471,C02,2024-06-17,60
CHK00931,MB0651,C08,2024-03-15,60
CHK00932,MB0391,C07,2024-10-17,30
CHK00933,MB0261,C03,2024-04-27,30
CHK00934,MB0191,C02,2024-01-19,45
CHK00935,MB0283,C08,2024-09-03,90
CHK00936,MB0056,C07,2024-02-24,30
CHK00937,MB0517,C07,2024-01-30,45
CHK00938,MB0081,C05,2024-03-29,30
CHK00939,MB0708,C04,2024-02-04,75
CHK00940,MB0172,C01,2024-09-14,75
CHK00941,MB0611,C06,2024-02-02,60
CHK00942,MB0742,C02,2024-06-04,30
CHK00943,MB0618,C01,2024-11-07,45
CHK00944,MB0104,C07,2024-12-23,30
CHK00945,MB0128,C01,2024-02-23,30
CHK00946,MB0759,C03,2024-03-29,90
CHK00947,MB0462,C07,2024-05-31,75
CHK00948,MB0351,C08,2024-08-27,30
CHK00949,MB0780,C04,2024-01-07,75
CHK00950,MB0153,C08,2024-05-30,30
CHK00951,MB0324,C03,2024-06-28,90
CHK00952,MB0484,C02,2024-12-12,90
CHK00953,MB0393,C01,2024-01-01,45
CHK00954,MB0158,C01,2024-03-12,45
CHK00955,MB0590,C08,2024-09-04,30
CHK00956,MB0411,C05,2024-08-10,90
CHK00957,MB0378,C03,2024-12-08,30
CHK00958,MB0233,C04,2024-03-16,45
CHK00959,MB0242,C06,2024-02-10,60
CHK00960,MB0777,C02,2024-04-03,60
CHK00961,MB0130,C02,2024-01-30,60
CHK00962,MB0778,C03,2024-02-18,90
CHK00963,MB0434,C04,2024-02-28,75
CHK00964,MB0139,C04,2024-09-14,90
CHK00965,MB0233,C01,2024-12-23,75
CHK00966,MB0228,C08,2024-09-09,90
CHK00967,MB0440,C04,2024-02-27,75
CHK00968,MB0212,C04,2024-05-28,60
CHK00969,MB0655,C03,2024-12-04,90
CHK00970,MB0355,C03,2024-05-26,75
CHK00971,MB0800,C06,2024-05-13,45
CHK00972,MB0640,C08,2024-08-07,90
CHK00973,MB0650,C04,2024-02-22,90
CHK00974,MB0232,C08,2024-11-09,75
CHK00975,MB0515,C01,2024-07-15,45
CHK00976,MB0364,C01,2024-07-12,45
CHK00977,MB0134,C05,2024-06-05,90
CHK00978,MB0493,C05,2024-06-08,90
CHK00979,MB0193,C08,2024-12-27,60
CHK00980,MB0388,C06,2024-05-24,75
CHK00981,MB0134,C08,2024-06-28,30
CHK00982,MB0651,C08,2024-10-26,75
CHK00983,MB0576,C03,2024-07-30,60
CHK00984,MB0727,C06,2024-08-30,45
CHK00985,MB0533,C04,2024-11-12,75
CHK00986,MB0575,C04,2024-08-22,30
CHK00987,MB0105,C02,2024-07-29,75
CHK00988,MB0470,C04,2024-01-22,45
CHK00989,MB0494,C02,2024-01-30,90
CHK00990,MB0749,C01,2024-09-04,90
CHK00991,MB0134,C04,2024-11-19,60
CHK00992,MB0775,C07,2024-08-06,45
CHK00993,MB0670,C02,2024-06-24,75
CHK00994,MB0609,C02,2024-11-14,60
CHK00995,MB0320,C01,2024-11-04,90
CHK00996,MB0772,C08,2024-12-27,90
CHK00997,MB0094,C03,2024-12-06,75
CHK00998,MB0481,C07,2024-05-06,60
CHK00999,MB0391,C03,2024-02-21,30
CHK01000,MB0772,C05,2024-10-08,75
CHK01001,MB0333,C06,2024-11-09,60
CHK01002,MB0196,C06,2024-08-27,30
CHK01003,MB0684,C05,2024-09-23,60
CHK01004,MB0783,C02,2024-01-23,90
CHK01005,MB0332,C08,2024-05-21,90
CHK01006,MB0385,C01,2024-08-17,75
CHK01007,MB0497,C08,2024-05-29,30
CHK01008,MB0277,C01,2024-05-15,30
CHK01009,MB0722,C05,2024-01-11,75
CHK01010,MB0218,C02,2024-05-01,75
CHK01011,MB0379,C04,2024-12-02,30
CHK01012,MB0495,C06,2024-03-07,45
CHK01013,MB0221,C03,2024-07-21,45
CHK01014,MB0462,C05,2024-01-23,60
CHK01015,MB0447,C02,2024-03-22,45
CHK01016,MB0495,C03,2024-09-22,75
CHK01017,MB0108,C04,2024-06-03,30
CHK01018,MB0400,C04,2024-04-24,45
CHK01019,MB0301,C01,2024-03-11,60
CHK01020,MB0289,C02,2024-05-05,60
CHK01021,MB0746,C08,2024-01-24,75
CHK01022,MB0483,C06,2024-11-14,30
CHK01023,MB0750,C07,2024-04-27,45
CHK01024,MB0383,C03,2024-12-20,45
CHK01025,MB0517,C07,2024-11-23,90
CHK01026,MB0734,C05,2024-04-01,45
CHK01027,MB0687,C08,2024-04-20,75
CHK01028,MB0218,C02,2024-09-16,75
CHK01029,MB0569,C01,2024-08-17,75
CHK01030,MB0460,C07,2024-03-08,75
CHK01031,MB0146,C06,2024-07-25,75
CHK01032,MB0224,C07,2024-09-27,75
CHK01033,MB0771,C04,2024-06-14,75
CHK01034,MB0491,C03,2024-09-08,30
CHK01035,MB0711,C02,2024-04-17,90
CHK01036,MB0375,C06,2024-08-24,75
CHK01037,MB0686,C02,2024-09-07,75
CHK01038,MB0352,C01,2024-07-05,75
CHK01039,MB0644,C03,2024-03-07,75
CHK01040,MB0301,C02,2024-10-07,30
CHK01041,MB0036,C06,2024-10-22,90
CHK01042,MB0477,C06,2024-12-17,60
CHK01043,MB0247,C04,2024-07-13,90
CHK01044,MB0638,C06,2024-10-28,90
CHK01045,MB0765,C05,2024-12-11,30
CHK01046,MB0424,C03,2024-10-22,30
CHK01047,MB0114,C04,2024-04-19,60
CHK01048,MB0132,C05,2024-11-10,30
CHK01049,MB0098,C03,2024-04-08,60
CHK01050,MB0209,C01,2024-12-30,45
CHK01051,MB0059,C04,2024-02-04,75
CHK01052,MB0608,C05,2024-04-13,75
CHK01053,MB0739,C06,2024-01-21,30
CHK01054,MB0540,C01,2024-10-07,75
CHK01055,MB0073,C07,2024-02-23,90
CHK01056,MB0666,C02,2024-05-23,30
CHK01057,MB0520,C02,2024-03-21,60
CHK01058,MB0456,C01,2024-04-07,30
CHK01059,MB0524,C05,2024-01-24,60
CHK01060,MB0206,C08,2024-07-14,45
CHK01061,MB0135,C03,2024-01-01,90
CHK01062,MB0663,C01,2024-02-17,60
CHK01063,MB0334,C01,2024-02-08,45
CHK01064,MB0551,C05,2024-04-18,90
CHK01065,MB0366,C08,2024-03-04,90
CHK01066,MB0112,C07,2024-07-25,60
CHK01067,MB0144,C08,2024-12-18,60
CHK01068,MB0705,C08,2024-10-29,60
CHK01069,MB0641,C05,2024-11-24,30
CHK01070,MB0219,C02,2024-05-20,45
CHK01071,MB0744,C06,2024-05-23,45
CHK01072,MB0484,C05,2024-03-13,45
CHK01073,MB0436,C02,2024-12-15,45
CHK01074,MB0243,C07,2024-08-02,60
CHK01075,MB0433,C08,2024-12-28,30
CHK01076,MB0099,C06,2024-02-09,30
CHK01077,MB0454,C07,2024-06-12,75
CHK01078,MB0726,C08,2024-08-10,90
CHK01079,MB0049,C08,2024-04-04,45
CHK01080,MB0406,C03,2024-07-04,30
CHK01081,MB0530,C02,2024-06-08,60
CHK01082,MB0482,C04,2024-11-20,45
CHK01083,MB0098,C03,2024-05-17,30
CHK01084,MB0346,C06,2024-11-30,75
CHK01085,MB0060,C04,2024-01-01,60
CHK01086,MB0130,C06,2024-05-30,30
CHK01087,MB0041,C05,2024-10-31,90
CHK01088,MB0724,C04,2024-10-27,45
CHK01089,MB0182,C05,2024-09-08,75
CHK01090,MB0800,C05,2024-07-03,45
CHK01091,MB0574,C01,2024-10-17,75
CHK01092,MB0474,C05,2024-02-25,45
CHK01093,MB0196,C01,2024-07-30,60
CHK01094,MB0038,C05,2024-09-20,75
CHK01095,MB0249,C04,2024-10-05,75
CHK01096,MB0511,C07,2024-03-23,30
CHK01097,MB0091,C02,2024-12-04,60
CHK01098,MB0347,C02,2024-09-19,45
CHK01099,MB0220,C06,2024-07-31,90
CHK01100,MB0392,C01,2024-04-08,75
CHK01101,MB0709,C08,2024-08-26,75
CHK01102,MB0061,C06,2024-11-16,75
CHK01103,MB0516,C05,2024-02-06,30
CHK01104,MB0426,C08,2024-06-08,90
CHK01105,MB0714,C06,2024-10-04,90
CHK01106,MB0295,C04,2024-05-19,30
CHK01107,MB0119,C08,2024-05-30,90
CHK01108,MB0673,C07,2024-04-06,45
CHK01109,MB0463,C02,2024-09-10,30
CHK01110,MB0164,C07,2024-01-18,90
CHK01111,MB0630,C05,2024-07-19,45
CHK01112,MB0346,C03,2024-11-11,30
CHK01113,MB0063,C05,2024-10-01,30
CHK01114,MB0714,C04,2024-02-19,90
CHK01115,MB0166,C06,2024-08-14,30
CHK01116,MB0169,C02,2024-05-27,45
CHK01117,MB0517,C02,2024-10-05,30
CHK01118,MB0402,C01,2024-12-22,45
CHK01119,MB0576,C06,2024-06-25,75
CHK01120,MB0782,C05,2024-06-23,75
CHK01121,MB0345,C01,2024-08-23,60
CHK01122,MB0002,C04,2024-12-06,60
CHK01123,MB0755,C06,2024-10-17,30
CHK01124,MB0538,C04,2024-04-17,45
CHK01125,MB0267,C05,2024-09-25,30
CHK01126,MB0552,C04,2024-08-16,90
CHK01127,MB0118,C03,2024-10-22,75
CHK01128,MB0620,C01,2024-10-10,90
CHK01129,MB0522,C06,2024-01-19,90
CHK01130,MB0683,C03,2024-04-18,60
CHK01131,MB0175,C08,2024-04-02,90
CHK01132,MB0758,C02,2024-03-13,30
CHK01133,MB0445,C06,2024-02-19,30
CHK01134,MB0174,C07,2024-02-27,90
CHK01135,MB0311,C04,2024-03-24,90
CHK01136,MB0608,C01,2024-02-07,60
CHK01137,MB0599,C04,2024-01-05,75
CHK01138,MB0024,C02,2024-06-26,60
CHK01139,MB0264,C03,2024-07-31,60
CHK01140,MB0476,C02,2024-05-14,75
CHK01141,MB0563,C08,2024-05-07,90
CHK01142,MB0579,C01,2024-11-16,30
CHK01143,MB0326,C01,2024-03-26,45
CHK01144,MB0355,C04,2024-08-09,90
CHK01145,MB0472,C05,2024-04-11,75
CHK01146,MB0427,C04,2024-05-17,45
CHK01147,MB0364,C06,2024-11-26,90
CHK01148,MB0687,C05,2024-07-02,75
CHK01149,MB0787,C04,2024-03-21,45
CHK01150,MB0258,C06,2024-07-16,75
CHK01151,MB0491,C02,2024-04-27,75
CHK01152,MB0674,C01,2024-12-16,75
CHK01153,MB0547,C08,2024-06-12,30
CHK01154,MB0641,C04,2024-01-16,45
CHK01155,MB0026,C01,2024-10-24,45
CHK01156,MB0313,C08,2024-08-17,30
CHK01157,MB0341,C07,2024-05-05,75
CHK01158,MB0476,C07,2024-11-07,45
CHK01159,MB0786,C02,2024-07-13,30
CHK01160,MB0171,C01,2024-12-27,60
CHK01161,MB0241,C07,2024-08-30,60
CHK01162,MB0309,C06,2024-10-15,75
CHK01163,MB0322,C06,2024-12-27,60
CHK01164,MB0394,C05,2024-07-05,60
CHK01165,MB0175,C02,2024-04-05,60
CHK01166,MB0198,C08,2024-12-08,60
CHK01167,MB0387,C03,2024-02-28,45
CHK01168,MB0286,C08,2024-10-14,60
CHK01169,MB0002,C04,2024-11-23,30
CHK01170,MB0002,C07,2024-05-23,60
CHK01171,MB0015,C06,2024-12-09,60
CHK01172,MB0707,C02,2024-03-10,90
CHK01173,MB0290,C08,2024-12-12,90
CHK01174,MB0272,C04,2024-01-31,45
CHK01175,MB0394,C04,2024-09-05,30
CHK01176,MB0107,C05,2024-04-08,90
CHK01177,MB0395,C08,2024-01-10,45
CHK01178,MB0156,C07,2024-12-22,90
CHK01179,MB0055,C07,2024-05-11,75
CHK01180,MB0614,C02,2024-02-20,75
CHK01181,MB0743,C06,2024-04-16,30
CHK01182,MB0438,C07,2024-12-13,45
CHK01183,MB0327,C03,2024-05-04,30
CHK01184,MB0007,C02,2024-04-17,60
CHK01185,MB0022,C02,2024-03-29,75
CHK01186,MB0495,C06,2024-10-24,90
CHK01187,MB0100,C07,2024-08-16,30
CHK01188,MB0765,C08,2024-06-01,30
CHK01189,MB0293,C02,2024-06-05,45
CHK01190,MB0234,C08,2024-09-26,90
CHK01191,MB0178,C06,2024-07-30,60
CHK01192,MB0166,C07,2024-08-28,90
CHK01193,MB0242,C04,2024-05-06,75
CHK01194,MB0051,C04,2024-07-08,45
CHK01195,MB0773,C08,2024-12-13,60
CHK01196,MB0303,C04,2024-07-17,75
CHK01197,MB0053,C07,2024-10-30,60
CHK01198,MB0460,C05,2024-04-23,45
CHK01199,MB0281,C08,2024-11-12,60
CHK01200,MB0122,C04,2024-04-30,30
CHK01201,MB0744,C04,2024-11-29,75
CHK01202,MB0159,C07,2024-05-28,45
CHK01203,MB0479,C02,2024-10-15,30
CHK01204,MB0001,C07,2024-01-15,60
CHK01205,MB0469,C07,2024-01-08,45
CHK01206,MB0425,C06,2024-07-11,90
CHK01207,MB0780,C03,2024-10-14,90
CHK01208,MB0227,C05,2024-03-01,90
CHK01209,MB0011,C04,2024-11-26,30
CHK01210,MB0533,C02,2024-05-26,60
CHK01211,MB0650,C03,2024-11-19,45
CHK01212,MB0417,C06,2024-04-01,75
CHK01213,MB0025,C01,2024-11-30,90
CHK01214,MB0092,C07,2024-03-03,60
CHK01215,MB0089,C04,2024-02-20,60
CHK01216,MB0446,C06,2024-08-23,30
CHK01217,MB0424,C06,2024-08-30,90
CHK01218,MB0734,C03,2024-02-04,45
CHK01219,MB0039,C01,2024-01-27,60
CHK01220,MB0531,C04,2024-02-06,30
CHK01221,MB0744,C03,2024-07-21,75
CHK01222,MB0507,C06,2024-11-21,90
CHK01223,MB0329,C08,2024-01-08,30
CHK01224,MB0628,C08,2024-08-26,60
CHK01225,MB0109,C04,2024-05-31,75
CHK01226,MB0254,C06,2024-05-19,90
CHK01227,MB0339,C04,2024-02-10,30
CHK01228,MB0503,C06,2024-09-05,60
CHK01229,MB0129,C03,2024-05-11,60
CHK01230,MB0631,C06,2024-09-28,30
CHK01231,MB0419,C03,2024-11-18,75
CHK01232,MB0339,C06,2024-03-15,75
CHK01233,MB0675,C03,2024-12-22,75
CHK01234,MB0701,C05,2024-01-18,90
CHK01235,MB0577,C02,2024-11-28,30
CHK01236,MB0564,C01,2024-07-28,45
CHK01237,MB0096,C08,2024-04-07,90
CHK01238,MB0255,C06,2024-12-30,45
CHK01239,MB0324,C04,2024-12-21,60
CHK01240,MB0794,C08,2024-03-25,60
CHK01241,MB0079,C04,2024-02-09,75
CHK01242,MB0375,C01,2024-08-28,75
CHK01243,MB0150,C08,2024-03-18,45
CHK01244,MB0251,C06,2024-08-11,75
CHK01245,MB0072,C01,2024-06-28,60
CHK01246,MB0240,C04,2024-11-29,75
CHK01247,MB0414,C01,2024-10-18,60
CHK01248,MB0723,C04,2024-06-20,30
CHK01249,MB0279,C08,2024-01-07,60
CHK01250,MB0037,C02,2024-10-09,60
CHK01251,MB0357,C06,2024-08-20,75
CHK01252,MB0355,C08,2024-02-22,30
CHK01253,MB0581,C07,2024-02-27,90
CHK01254,MB0124,C02,2024-09-15,30
CHK01255,MB0597,C03,2024-06-18,45
CHK01256,MB0177,C04,2024-12-24,60
CHK01257,MB0681,C04,2024-06-04,30
CHK01258,MB0205,C02,2024-09-22,45
CHK01259,MB0753,C01,2024-09-18,45
CHK01260,MB0669,C08,2024-05-30,90
CHK01261,MB0159,C01,2024-02-09,60
CHK01262,MB0168,C02,2024-01-25,30
CHK01263,MB0326,C05,2024-09-09,60
CHK01264,MB0576,C05,2024-05-14,45
CHK01265,MB0613,C03,2024-05-14,45
CHK01266,MB0159,C05,2024-10-28,45
CHK01267,MB0619,C01,2024-10-07,90
CHK01268,MB0775,C02,2024-08-07,45
CHK01269,MB0192,C05,2024-03-08,30
CHK01270,MB0610,C02,2024-05-21,45
CHK01271,MB0586,C02,2024-10-17,45
CHK01272,MB0724,C02,2024-02-22,75
CHK01273,MB0708,C03,2024-03-02,30
CHK01274,MB0383,C03,2024-06-17,75
CHK01275,MB0472,C05,2024-08-17,30
CHK01276,MB0060,C01,2024-04-19,75
CHK01277,MB0107,C02,2024-03-25,45
CHK01278,MB0566,C02,2024-04-20,75
CHK01279,MB0089,C03,2024-08-28,30
CHK01280,MB0636,C06,2024-10-09,60
CHK01281,MB0185,C01,2024-12-10,45
CHK01282,MB0169,C08,2024-02-16,90
CHK01283,MB0247,C05,2024-01-07,90
CHK01284,MB0083,C05,2024-12-09,60
CHK01285,MB0787,C04,2024-01-17,90
CHK01286,MB0156,C07,2024-06-11,90
CHK01287,MB0368,C05,2024-08-21,75
CHK01288,MB0043,C02,2024-10-05,90
CHK01289,MB0221,C06,2024-06-10,90
CHK01290,MB0061,C01,2024-01-03,60
CHK01291,MB0070,C02,2024-11-27,30
CHK01292,MB0619,C04,2024-08-04,75
CHK01293,MB0743,C01,2024-02-07,30
CHK01294,MB0748,C01,2024-05-18,75
CHK01295,MB0176,C07,2024-03-30,75
CHK01296,MB0168,C03,2024-12-16,75
CHK01297,MB0328,C06,2024-09-25,30
CHK01298,MB0068,C03,2024-05-13,45
CHK01299,MB0585,C03,2024-01-01,60
CHK01300,MB0699,C08,2024-11-14,75
CHK01301,MB0071,C07,2024-06-13,75
CHK01302,MB0112,C01,2024-03-27,90
CHK01303,MB0562,C02,2024-04-19,75
CHK01304,MB0334,C02,2024-06-04,75
CHK01305,MB0258,C03,2024-07-20,90
CHK01306,MB0132,C03,2024-04-29,90
CHK01307,MB0275,C08,2024-02-10,30
CHK01308,MB0720,C01,2024-05-25,75
CHK01309,MB0686,C06,2024-01-15,60
CHK01310,MB0254,C04,2024-06-27,60
CHK01311,MB0571,C05,2024-08-04,90
CHK01312,MB0166,C01,2024-12-18,60
CHK01313,MB0743,C06,2024-05-12,60
CHK01314,MB0087,C05,2024-05-19,75
CHK01315,MB0604,C04,2024-06-07,60
CHK01316,MB0421,C02,2024-08-25,30
CHK01317,MB0327,C02,2024-12-24,75
CHK01318,MB0289,C04,2024-12-12,90
CHK01319,MB0171,C05,2024-11-02,30
CHK01320,MB0542,C02,2024-09-19,45
CHK01321,MB0221,C04,2024-07-05,75
CHK01322,MB0578,C05,2024-02-11,45
CHK01323,MB0076,C05,2024-07-17,75
CHK01324,MB0590,C02,2024-01-31,30
CHK01325,MB0715,C08,2024-07-13,60
CHK01326,MB0122,C08,2024-06-26,60
CHK01327,MB0198,C03,2024-03-10,60
CHK01328,MB0154,C03,2024-06-21,60
CHK01329,MB0560,C07,2024-11-17,90
CHK01330,MB0766,C06,2024-01-04,30
CHK01331,MB0510,C07,2024-12-22,60
CHK01332,MB0787,C07,2024-06-25,90
CHK01333,MB0363,C03,2024-08-28,75
CHK01334,MB0614,C02,2024-05-23,75
CHK01335,MB0044,C05,2024-09-29,90
CHK01336,MB0263,C03,2024-08-14,60
CHK01337,MB0758,C06,2024-08-30,60
CHK01338,MB0583,C07,2024-06-19,45
CHK01339,MB0050,C08,2024-11-20,30
CHK01340,MB0217,C03,2024-12-26,75
CHK01341,MB0150,C02,2024-05-26,60
CHK01342,MB0106,C07,2024-05-24,90
CHK01343,MB0387,C08,2024-11-11,45
CHK01344,MB0733,C03,2024-11-17,30
CHK01345,MB0478,C06,2024-07-29,75
CHK01346,MB0014,C07,2024-02-25,45
CHK01347,MB0036,C05,2024-08-08,30
CHK01348,MB0163,C01,2024-10-10,45
CHK01349,MB0375,C01,2024-08-04,60
CHK01350,MB0714,C08,2024-03-13,30
CHK01351,MB0530,C01,2024-05-04,60
CHK01352,MB0401,C08,2024-04-25,60
CHK01353,MB0646,C02,2024-09-28,30
CHK01354,MB0787,C04,2024-01-11,90
CHK01355,MB0404,C02,2024-09-29,75
CHK01356,MB0555,C03,2024-07-06,75
CHK01357,MB0619,C07,2024-09-05,90
CHK01358,MB0561,C01,2024-04-16,75
CHK01359,MB0671,C07,2024-08-17,45
CHK01360,MB0441,C07,2024-11-19,45
CHK01361,MB0129,C06,2024-07-12,45
CHK01362,MB0641,C05,2024-05-24,75
CHK01363,MB0031,C05,2024-11-17,60
CHK01364,MB0525,C07,2024-03-27,90
CHK01365,MB0405,C06,2024-11-11,75
CHK01366,MB0289,C08,2024-11-04,30
CHK01367,MB0005,C03,2024-11-10,30
CHK01368,MB0337,C06,2024-01-14,30
CHK01369,MB0444,C03,2024-01-03,45
CHK01370,MB0524,C07,2024-03-09,75
CHK01371,MB0641,C07,2024-09-25,75
CHK01372,MB0358,C06,2024-06-02,60
CHK01373,MB0281,C02,2024-10-09,75
CHK01374,MB0506,C06,2024-01-02,90
CHK01375,MB0536,C04,2024-12-21,30
CHK01376,MB0546,C03,2024-12-25,75
CHK01377,MB0631,C01,2024-03-26,90
CHK01378,MB0553,C01,2024-03-20,45
CHK01379,MB0772,C01,2024-02-18,30
CHK01380,MB0472,C07,2024-01-27,45
CHK01381,MB0202,C08,2024-01-09,75
CHK01382,MB0399,C06,2024-01-08,45
CHK01383,MB0739,C01,2024-09-18,75
CHK01384,MB0401,C06,2024-03-01,90
CHK01385,MB0331,C04,2024-01-08,90
CHK01386,MB0282,C08,2024-11-23,75
CHK01387,MB0762,C02,2024-07-12,30
CHK01388,MB0044,C04,2024-07-15,90
CHK01389,MB0196,C04,2024-01-13,90
CHK01390,MB0544,C03,2024-02-11,75
CHK01391,MB0799,C02,2024-10-15,75
CHK01392,MB0498,C01,2024-04-15,75
CHK01393,MB0413,C04,2024-07-03,30
CHK01394,MB0144,C08,2024-04-03,90
CHK01395,MB0111,C01,2024-05-29,90
CHK01396,MB0612,C08,2024-05-18,90
CHK01397,MB0113,C03,2024-12-05,90
CHK01398,MB0615,C01,2024-06-20,45
CHK01399,MB0152,C04,2024-01-21,30
CHK01400,MB0254,C07,2024-07-18,75
CHK01401,MB0652,C02,2024-08-21,75
CHK01402,MB0293,C05,2024-06-27,75
CHK01403,MB0350,C08,2024-02-24,45
CHK01404,MB0358,C05,2024-12-04,90
CHK01405,MB0450,C03,2024-02-26,90
CHK01406,MB0423,C05,2024-11-23,45
CHK01407,MB0710,C01,2024-01-02,75
CHK01408,MB0238,C05,2024-12-16,60
CHK01409,MB0322,C07,2024-10-22,75
CHK01410,MB0104,C04,2024-08-24,60
CHK01411,MB0599,C07,2024-05-16,90
CHK01412,MB0119,C02,2024-07-26,45
CHK01413,MB0110,C04,2024-06-16,30
CHK01414,MB0251,C02,2024-06-22,45
CHK01415,MB0613,C08,2024-05-14,75
CHK01416,MB0630,C01,2024-03-14,45
CHK01417,MB0435,C02,2024-06-15,75
CHK01418,MB0008,C03,2024-01-26,30
CHK01419,MB0707,C06,2024-09-03,45
CHK01420,MB0312,C01,2024-10-15,75
CHK01421,MB0797,C02,2024-11-17,60
CHK01422,MB0079,C08,2024-03-17,75
CHK01423,MB0271,C02,2024-05-21,90
CHK01424,MB0735,C06,2024-12-06,90
CHK01425,MB0190,C06,2024-02-11,60
CHK01426,MB0617,C07,2024-08-13,30
CHK01427,MB0560,C02,2024-05-07,90
CHK01428,MB0046,C08,2024-11-12,60
CHK01429,MB0719,C04,2024-09-20,45
CHK01430,MB0217,C02,2024-08-03,45
CHK01431,MB0594,C05,2024-05-10,60
CHK01432,MB0066,C02,2024-05-17,30
CHK01433,MB0613,C07,2024-05-21,90
CHK01434,MB0708,C06,2024-12-12,90
CHK01435,MB0190,C05,2024-11-17,60
CHK01436,MB0267,C01,2024-08-26,75
CHK01437,MB0395,C07,2024-09-09,75
CHK01438,MB0002,C06,2024-09-20,75
CHK01439,MB0608,C04,2024-11-18,45
CHK01440,MB0351,C08,2024-12-26,45
CHK01441,MB0234,C01,2024-04-01,75
CHK01442,MB0009,C07,2024-03-25,75
CHK01443,MB0733,C01,2024-07-11,45
CHK01444,MB0164,C06,2024-09-21,60
CHK01445,MB0104,C05,2024-08-05,30
CHK01446,MB0003,C05,2024-06-01,30
CHK01447,MB0668,C05,2024-06-11,90
CHK01448,MB0701,C07,2024-01-14,60
CHK01449,MB0501,C06,2024-05-02,30
CHK01450,MB0441,C07,2024-01-07,90
CHK01451,MB0041,C05,2024-08-28,45
CHK01452,MB0268,C02,2024-02-18,75
CHK01453,MB0231,C05,2024-01-12,75
CHK01454,MB0120,C06,2024-02-17,45
CHK01455,MB0332,C03,2024-09-13,30
CHK01456,MB0141,C04,2024-11-23,75
CHK01457,MB0606,C05,2024-08-01,60
CHK01458,MB0156,C06,2024-03-21,30
CHK01459,MB0310,C06,2024-06-11,90
CHK01460,MB0720,C07,2024-12-03,60
CHK01461,MB0312,C03,2024-07-20,90
CHK01462,MB0527,C05,2024-01-17,45
CHK01463,MB0321,C06,2024-08-19,75
CHK01464,MB0618,C04,2024-04-17,90
CHK01465,MB0085,C03,2024-03-15,75
CHK01466,MB0171,C02,2024-08-31,30
CHK01467,MB0037,C06,2024-06-13,30
CHK01468,MB0140,C04,2024-07-06,90
CHK01469,MB0475,C05,2024-08-21,60
CHK01470,MB0395,C08,2024-08-09,45
CHK01471,MB0776,C05,2024-09-05,90
CHK01472,MB0277,C05,2024-11-21,90
CHK01473,MB0021,C02,2024-02-17,60
CHK01474,MB0203,C05,2024-09-11,60
CHK01475,MB0337,C07,2024-06-17,30
CHK01476,MB0768,C03,2024-12-21,60
CHK01477,MB0463,C03,2024-12-11,90
CHK01478,MB0001,C05,2024-06-14,75
CHK01479,MB0397,C05,2024-08-06,30
CHK01480,MB0184,C05,2024-05-18,75
CHK01481,MB0691,C05,2024-08-16,75
CHK01482,MB0422,C01,2024-11-16,45
CHK01483,MB0258,C08,2024-03-12,75
CHK01484,MB0191,C06,2024-05-28,30
CHK01485,MB0262,C02,2024-08-03,30
CHK01486,MB0472,C04,2024-01-25,75
CHK01487,MB0791,C07,2024-03-12,30
CHK01488,MB0003,C07,2024-05-28,60
CHK01489,MB0206,C02,2024-01-30,90
CHK01490,MB0069,C07,2024-06-16,60
CHK01491,MB0182,C06,2024-08-23,90
CHK01492,MB0772,C03,2024-11-11,75
CHK01493,MB0032,C08,2024-11-15,30
CHK01494,MB0579,C04,2024-08-08,60
CHK01495,MB0664,C01,2024-12-30,60
CHK01496,MB0489,C02,2024-05-10,30
CHK01497,MB0694,C02,2024-06-28,90
CHK01498,MB0780,C07,2024-04-14,90
CHK01499,MB0148,C02,2024-01-09,90
CHK01500,MB0193,C04,2024-06-24,60
CHK01501,MB0158,C08,2024-11-09,45
CHK01502,MB0134,C02,2024-03-23,30
CHK01503,MB0078,C01,2024-02-20,75
CHK01504,MB0135,C03,2024-02-14,90
CHK01505,MB0007,C02,2024-07-14,90
CHK01506,MB0419,C06,2024-10-12,90
CHK01507,MB0737,C03,2024-11-28,45
CHK01508,MB0719,C06,2024-03-14,30
CHK01509,MB0281,C02,2024-10-17,75
CHK01510,MB0752,C01,2024-03-13,90
CHK01511,MB0535,C02,2024-06-29,60
CHK01512,MB0210,C08,2024-06-19,45
CHK01513,MB0599,C02,2024-05-08,60
CHK01514,MB0670,C08,2024-12-05,75
CHK01515,MB0362,C06,2024-01-19,45
CHK01516,MB0112,C02,2024-12-18,60
CHK01517,MB0412,C04,2024-02-28,30
CHK01518,MB0204,C05,2024-08-13,45
CHK01519,MB0163,C03,2024-03-29,60
CHK01520,MB0017,C02,2024-04-06,30
CHK01521,MB0387,C07,2024-03-20,90
CHK01522,MB0564,C07,2024-02-17,75
CHK01523,MB0226,C08,2024-08-02,75
CHK01524,MB0017,C01,2024-01-23,75
CHK01525,MB0492,C03,2024-05-06,45
CHK01526,MB0668,C07,2024-07-15,75
CHK01527,MB0044,C05,2024-03-13,30
CHK01528,MB0270,C08,2024-10-15,90
CHK01529,MB0250,C08,2024-11-23,30
CHK01530,MB0547,C06,2024-05-21,45
CHK01531,MB0160,C05,2024-12-12,90
CHK01532,MB0092,C07,2024-10-03,60
CHK01533,MB0593,C01,2024-10-10,75
CHK01534,MB0795,C03,2024-02-07,30
CHK01535,MB0624,C04,2024-04-16,45
CHK01536,MB0089,C07,2024-10-11,45
CHK01537,MB0147,C06,2024-04-06,60
CHK01538,MB0320,C06,2024-09-30,90
CHK01539,MB0782,C02,2024-06-18,30
CHK01540,MB0449,C07,2024-10-17,30
CHK01541,MB0355,C03,2024-08-13,75
CHK01542,MB0056,C01,2024-04-01,30
CHK01543,MB0753,C07,2024-12-04,90
CHK01544,MB0390,C01,2024-07-03,60
CHK01545,MB0079,C02,2024-03-06,45
CHK01546,MB0203,C04,2024-06-24,75
CHK01547,MB0082,C03,2024-07-17,45
CHK01548,MB0086,C04,2024-02-27,45
CHK01549,MB0666,C06,2024-11-11,60
CHK01550,MB0203,C04,2024-01-03,30
CHK01551,MB0737,C06,2024-05-08,90
CHK01552,MB0619,C02,2024-01-04,90
CHK01553,MB0523,C05,2024-07-22,75
CHK01554,MB0551,C06,2024-01-16,90
CHK01555,MB0740,C01,2024-06-06,90
CHK01556,MB0291,C08,2024-11-08,90
CHK01557,MB0347,C01,2024-01-03,75
CHK01558,MB0132,C06,2024-01-07,75
CHK01559,MB0380,C03,2024-04-16,30
CHK01560,MB0462,C06,2024-05-01,60
CHK01561,MB0350,C04,2024-10-22,75
CHK01562,MB0286,C02,2024-03-23,30
CHK01563,MB0724,C06,2024-09-11,75
CHK01564,MB0230,C06,2024-11-04,30
CHK01565,MB0343,C02,2024-06-19,90
CHK01566,MB0299,C04,2024-01-19,90
CHK01567,MB0386,C01,2024-05-13,30
CHK01568,MB0502,C01,2024-09-22,60
CHK01569,MB0533,C08,2024-03-08,90
CHK01570,MB0506,C03,2024-02-05,45
CHK01571,MB0631,C08,2024-10-27,45
CHK01572,MB0634,C04,2024-07-01,45
CHK01573,MB0233,C08,2024-12-13,30
CHK01574,MB0110,C05,2024-05-10,90
CHK01575,MB0299,C04,2024-05-20,90
CHK01576,MB0148,C04,2024-01-28,30
CHK01577,MB0381,C01,2024-01-04,75
CHK01578,MB0247,C08,2024-11-26,30
CHK01579,MB0737,C02,2024-01-30,90
CHK01580,MB0332,C08,2024-06-11,60
CHK01581,MB0408,C01,2024-09-19,45
CHK01582,MB0634,C05,2024-04-05,90
CHK01583,MB0337,C06,2024-07-12,60
CHK01584,MB0295,C05,2024-07-30,90
CHK01585,MB0554,C07,2024-12-01,60
CHK01586,MB0277,C05,2024-01-22,75
CHK01587,MB0744,C08,2024-07-16,30
CHK01588,MB0012,C07,2024-05-23,75
CHK01589,MB0272,C08,2024-10-31,45
CHK01590,MB0375,C01,2024-12-12,90
CHK01591,MB0534,C05,2024-09-14,90
CHK01592,MB0268,C02,2024-07-22,75
CHK01593,MB0577,C01,2024-07-14,45
CHK01594,MB0226,C05,2024-04-20,90
CHK01595,MB0778,C01,2024-03-09,30
CHK01596,MB0158,C08,2024-06-07,60
CHK01597,MB0093,C02,2024-01-04,75
CHK01598,MB0714,C07,2024-03-21,60
CHK01599,MB0543,C06,2024-04-06,75
CHK01600,MB0256,C02,2024-07-27,75
CHK01601,MB0459,C05,2024-08-15,30
CHK01602,MB0160,C05,2024-07-09,30
CHK01603,MB0065,C02,2024-11-21,90
CHK01604,MB0006,C08,2024-12-26,30
CHK01605,MB0730,C08,2024-02-15,60
CHK01606,MB0243,C02,2024-01-10,45
CHK01607,MB0293,C04,2024-04-27,30
CHK01608,MB0326,C03,2024-05-08,30
CHK01609,MB0400,C01,2024-04-27,75
CHK01610,MB0390,C04,2024-06-22,60
CHK01611,MB0030,C07,2024-05-13,90
CHK01612,MB0166,C05,2024-10-12,30
CHK01613,MB0017,C03,2024-04-30,45
CHK01614,MB0642,C05,2024-04-05,90
CHK01615,MB0646,C04,2024-10-07,45
CHK01616,MB0613,C06,2024-09-14,45
CHK01617,MB0475,C06,2024-10-04,30
CHK01618,MB0763,C02,2024-10-18,45
CHK01619,MB0544,C04,2024-04-01,30
CHK01620,MB0001,C08,2024-06-08,45
CHK01621,MB0119,C05,2024-11-10,45
CHK01622,MB0675,C02,2024-09-13,30
CHK01623,MB0564,C08,2024-07-17,45
CHK01624,MB0248,C02,2024-12-23,30
CHK01625,MB0642,C02,2024-12-20,75
CHK01626,MB0158,C04,2024-11-24,30
CHK01627,MB0157,C02,2024-02-25,30
CHK01628,MB0278,C05,2024-12-20,60
CHK01629,MB0592,C07,2024-10-12,90
CHK01630,MB0293,C05,2024-03-14,45
CHK01631,MB0301,C04,2024-10-29,60
CHK01632,MB0688,C08,2024-08-17,60
CHK01633,MB0316,C01,2024-12-06,90
CHK01634,MB0647,C08,2024-01-11,75
CHK01635,MB0319,C04,2024-06-16,75
CHK01636,MB0737,C04,2024-04-28,75
CHK01637,MB0272,C05,2024-10-20,60
CHK01638,MB0156,C02,2024-11-27,45
CHK01639,MB0572,C04,2024-03-01,60
CHK01640,MB0656,C03,2024-09-26,60
CHK01641,MB0485,C01,2024-09-14,75
CHK01642,MB0467,C08,2024-08-06,30
CHK01643,MB0286,C07,2024-04-10,60
CHK01644,MB0054,C08,2024-01-01,30
CHK01645,MB0492,C07,2024-05-15,45
CHK01646,MB0374,C08,2024-05-30,45
CHK01647,MB0224,C04,2024-10-28,45
CHK01648,MB0378,C07,2024-08-08,75
CHK01649,MB0224,C06,2024-10-21,60
CHK01650,MB0066,C02,2024-05-21,60
CHK01651,MB0620,C02,2024-11-14,75
CHK01652,MB0114,C01,2024-06-01,30
CHK01653,MB0744,C06,2024-02-14,75
CHK01654,MB0622,C06,2024-04-05,90
CHK01655,MB0691,C06,2024-06-20,75
CHK01656,MB0377,C07,2024-11-26,90
CHK01657,MB0591,C06,2024-12-31,60
CHK01658,MB0115,C03,2024-02-21,45
CHK01659,MB0065,C07,2024-05-01,90
CHK01660,MB0162,C02,2024-02-07,75
CHK01661,MB0291,C08,2024-11-08,60
CHK01662,MB0023,C05,2024-04-24,90
CHK01663,MB0716,C01,2024-06-15,30
CHK01664,MB0109,C03,2024-06-25,60
CHK01665,MB0749,C08,2024-06-12,75
CHK01666,MB0590,C02,2024-01-02,60
CHK01667,MB0088,C04,2024-05-26,30
CHK01668,MB0613,C02,2024-11-21,60
CHK01669,MB0405,C08,2024-08-10,60
CHK01670,MB0085,C06,2024-08-10,30
CHK01671,MB0295,C03,2024-03-13,30
CHK01672,MB0675,C01,2024-07-09,60
CHK01673,MB0265,C05,2024-03-25,60
CHK01674,MB0654,C07,2024-06-18,30
CHK01675,MB0675,C03,2024-07-22,90
CHK01676,MB0202,C04,2024-06-14,45
CHK01677,MB0641,C03,2024-09-22,60
CHK01678,MB0580,C04,2024-08-27,30
CHK01679,MB0115,C03,2024-09-18,60
CHK01680,MB0198,C06,2024-02-24,45
CHK01681,MB0271,C08,2024-11-08,45
CHK01682,MB0490,C08,2024-05-05,90
CHK01683,MB0690,C04,2024-03-13,60
CHK01684,MB0514,C02,2024-01-28,30
CHK01685,MB0085,C07,2024-10-15,60
CHK01686,MB0661,C01,2024-08-02,75
CHK01687,MB0252,C07,2024-03-30,30
CHK01688,MB0434,C06,2024-12-03,30
CHK01689,MB0148,C05,2024-11-26,90
CHK01690,MB0299,C03,2024-02-02,30
CHK01691,MB0235,C06,2024-02-08,75
CHK01692,MB0248,C07,2024-04-16,75
CHK01693,MB0091,C02,2024-09-27,90
CHK01694,MB0392,C01,2024-01-07,60
CHK01695,MB0798,C05,2024-12-07,90
CHK01696,MB0294,C07,2024-01-12,45
CHK01697,MB0738,C03,2024-12-12,75
CHK01698,MB0457,C03,2024-01-19,75
CHK01699,MB0464,C06,2024-08-04,60
CHK01700,MB0124,C04,2024-02-02,75
CHK01701,MB0380,C02,2024-12-26,90
CHK01702,MB0736,C05,2024-06-04,60
CHK01703,MB0640,C02,2024-01-26,45
CHK01704,MB0583,C06,2024-11-15,90
CHK01705,MB0578,C02,2024-05-10,30
CHK01706,MB0399,C05,2024-11-14,30
CHK01707,MB0208,C03,2024-03-08,45
CHK01708,MB0220,C05,2024-06-02,90
CHK01709,MB0649,C07,2024-07-10,90
CHK01710,MB0405,C03,2024-09-10,75
CHK01711,MB0745,C04,2024-09-13,75
CHK01712,MB0220,C02,2024-04-30,60
CHK01713,MB0366,C05,2024-06-13,75
CHK01714,MB0378,C03,2024-08-18,75
CHK01715,MB0107,C06,2024-12-08,60
CHK01716,MB0251,C04,2024-05-07,60
CHK01717,MB0540,C04,2024-03-02,45
CHK01718,MB0489,C03,2024-12-22,60
CHK01719,MB0351,C08,2024-09-01,60
CHK01720,MB0435,C04,2024-06-10,90
CHK01721,MB0569,C06,2024-02-01,30
CHK01722,MB0488,C03,2024-05-31,30
CHK01723,MB0741,C03,2024-09-03,90
CHK01724,MB0322,C05,2024-05-03,75
CHK01725,MB0121,C06,2024-08-11,45
CHK01726,MB0411,C08,2024-11-08,30
CHK01727,MB0685,C07,2024-01-24,45
CHK01728,MB0443,C05,2024-03-10,90
CHK01729,MB0120,C04,2024-12-10,45
CHK01730,MB0145,C01,2024-10-18,45
CHK01731,MB0329,C04,2024-05-26,45
CHK01732,MB0700,C01,2024-11-26,30
CHK01733,MB0365,C03,2024-08-26,45
CHK01734,MB0043,C06,2024-10-09,45
CHK01735,MB0630,C07,2024-06-13,90
CHK01736,MB0048,C08,2024-02-17,60
CHK01737,MB0675,C02,2024-09-06,30
CHK01738,MB0193,C05,2024-01-05,90
CHK01739,MB0482,C07,2024-11-18,60
CHK01740,MB0025,C02,2024-07-12,45
CHK01741,MB0759,C04,2024-12-19,90
CHK01742,MB0296,C06,2024-05-17,90
CHK01743,MB0043,C05,2024-05-09,75
CHK01744,MB0750,C07,2024-03-07,75
CHK01745,MB0487,C03,2024-12-16,90
CHK01746,MB0443,C05,2024-01-18,90
CHK01747,MB0544,C03,2024-09-12,45
CHK01748,MB0211,C04,2024-04-28,60
CHK01749,MB0767,C08,2024-11-13,75
CHK01750,MB0150,C06,2024-12-06,30
CHK01751,MB0636,C01,2024-11-21,90
CHK01752,MB0049,C01,2024-09-27,90
CHK01753,MB0615,C04,2024-07-10,45
CHK01754,MB0367,C04,2024-11-06,60
CHK01755,MB0315,C06,2024-05-26,90
CHK01756,MB0458,C01,2024-08-08,60
CHK01757,MB0445,C06,2024-07-28,30
CHK01758,MB0339,C03,2024-06-06,60
CHK01759,MB0040,C05,2024-06-28,75
CHK01760,MB0058,C04,2024-10-30,90
CHK01761,MB0668,C02,2024-05-21,60
CHK01762,MB0470,C03,2024-09-19,45
CHK01763,MB0724,C08,2024-01-11,45
CHK01764,MB0267,C04,2024-01-04,45
CHK01765,MB0106,C01,2024-09-11,90
CHK01766,MB0573,C07,2024-01-15,75
CHK01767,MB0681,C01,2024-12-03,90
CHK01768,MB0742,C03,2024-08-01,75
CHK01769,MB0200,C02,2024-12-04,30
CHK01770,MB0127,C06,2024-06-13,30
CHK01771,MB0182,C04,2024-06-23,75
CHK01772,MB0181,C05,2024-08-05,75
CHK01773,MB0439,C03,2024-01-10,45
CHK01774,MB0529,C08,2024-09-19,75
CHK01775,MB0620,C04,2024-03-02,30
CHK01776,MB0721,C06,2024-02-08,45
CHK01777,MB0286,C05,2024-03-05,60
CHK01778,MB0527,C05,2024-12-24,75
CHK01779,MB0654,C02,2024-06-29,90
CHK01780,MB0167,C08,2024-08-10,90
CHK01781,MB0800,C01,2024-11-28,60
CHK01782,MB0144,C04,2024-12-30,60
CHK01783,MB0270,C04,2024-04-10,90
CHK01784,MB0381,C06,2024-04-14,60
CHK01785,MB0190,C06,2024-09-11,60
CHK01786,MB0498,C02,2024-04-18,75
CHK01787,MB0425,C02,2024-03-08,60
CHK01788,MB0075,C05,2024-03-08,30
CHK01789,MB0103,C08,2024-07-03,60
CHK01790,MB0653,C08,2024-10-30,60
CHK01791,MB0648,C04,2024-01-03,45
CHK01792,MB0673,C01,2024-10-01,45
CHK01793,MB0492,C07,2024-11-15,30
CHK01794,MB0747,C03,2024-05-01,90
CHK01795,MB0786,C08,2024-09-15,30
CHK01796,MB0034,C07,2024-09-19,90
CHK01797,MB0312,C01,2024-10-30,30
CHK01798,MB0655,C06,2024-04-28,60
CHK01799,MB0296,C07,2024-06-04,75
CHK01800,MB0791,C02,2024-08-11,30
CHK01801,MB0086,C02,2024-07-10,90
CHK01802,MB0711,C06,2024-05-23,75
CHK01803,MB0540,C04,2024-11-10,90
CHK01804,MB0391,C07,2024-06-21,45
CHK01805,MB0128,C06,2024-08-21,30
CHK01806,MB0259,C05,2024-09-23,60
CHK01807,MB0146,C01,2024-03-23,45
CHK01808,MB0198,C03,2024-04-16,90
CHK01809,MB0738,C06,2024-09-18,45
CHK01810,MB0075,C04,2024-12-26,60
CHK01811,MB0297,C05,2024-05-16,60
CHK01812,MB0421,C05,2024-11-14,75
CHK01813,MB0570,C02,2024-06-20,60
CHK01814,MB0280,C08,2024-03-25,75
CHK01815,MB0462,C05,2024-04-12,30
CHK01816,MB0295,C04,2024-02-16,30
CHK01817,MB0761,C04,2024-01-14,60
CHK01818,MB0546,C06,2024-12-03,90
CHK01819,MB0561,C08,2024-08-07,30
CHK01820,MB0179,C01,2024-01-21,30
CHK01821,MB0129,C03,2024-08-04,60
CHK01822,MB0173,C01,2024-04-11,30
CHK01823,MB0660,C07,2024-01-11,75
CHK01824,MB0485,C05,2024-09-17,75
CHK01825,MB0627,C06,2024-03-01,90
CHK01826,MB0452,C04,2024-12-15,60
CHK01827,MB0493,C01,2024-12-09,75
CHK01828,MB0483,C06,2024-12-08,75
CHK01829,MB0636,C05,2024-07-10,75
CHK01830,MB0362,C05,2024-04-21,75
CHK01831,MB0014,C08,2024-06-24,90
CHK01832,MB0441,C08,2024-07-20,30
CHK01833,MB0264,C06,2024-09-24,90
CHK01834,MB0347,C05,2024-03-14,30
CHK01835,MB0697,C03,2024-07-02,30
CHK01836,MB0553,C06,2024-01-28,60
CHK01837,MB0474,C07,2024-06-11,90
CHK01838,MB0053,C06,2024-10-15,75
CHK01839,MB0620,C08,2024-01-28,45
CHK01840,MB0342,C03,2024-10-29,30
CHK01841,MB0371,C07,2024-11-03,75
CHK01842,MB0127,C04,2024-05-13,90
CHK01843,MB0514,C01,2024-05-02,90
CHK01844,MB0628,C02,2024-05-13,30
CHK01845,MB0629,C01,2024-09-24,45
CHK01846,MB0483,C08,2024-05-23,30
CHK01847,MB0418,C01,2024-03-06,30
CHK01848,MB0231,C08,2024-07-16,75
CHK01849,MB0689,C08,2024-10-02,45
CHK01850,MB0498,C01,2024-07-04,90
CHK01851,MB0326,C08,2024-11-09,30
CHK01852,MB0687,C04,2024-01-23,60
CHK01853,MB0008,C08,2024-07-11,45
CHK01854,MB0652,C02,2024-04-19,90
CHK01855,MB0171,C08,2024-01-06,30
CHK01856,MB0076,C03,2024-11-28,30
CHK01857,MB0107,C08,2024-05-18,60
CHK01858,MB0152,C05,2024-09-21,45
CHK01859,MB0013,C05,2024-04-16,30
CHK01860,MB0644,C06,2024-07-15,90
CHK01861,MB0493,C03,2024-02-27,30
CHK01862,MB0713,C04,2024-02-18,90
CHK01863,MB0276,C01,2024-04-14,75
CHK01864,MB0709,C03,2024-10-21,60
CHK01865,MB0610,C04,2024-01-28,60
CHK01866,MB0076,C04,2024-12-04,90
CHK01867,MB0461,C03,2024-04-20,30
CHK01868,MB0248,C07,2024-04-05,30
CHK01869,MB0491,C06,2024-05-06,75
CHK01870,MB0026,C04,2024-12-22,45
CHK01871,MB0649,C05,2024-09-14,30
CHK01872,MB0576,C01,2024-01-06,30
CHK01873,MB0009,C07,2024-09-11,60
CHK01874,MB0376,C08,2024-06-28,90
CHK01875,MB0518,C02,2024-12-07,90
CHK01876,MB0387,C04,2024-08-24,30
CHK01877,MB0400,C01,2024-06-28,60
CHK01878,MB0495,C04,2024-01-23,75
CHK01879,MB0331,C01,2024-09-23,90
CHK01880,MB0759,C06,2024-02-16,75
CHK01881,MB0755,C02,2024-02-17,30
CHK01882,MB0341,C05,2024-11-07,30
CHK01883,MB0661,C02,2024-01-19,30
CHK01884,MB0306,C08,2024-04-10,45
CHK01885,MB0596,C03,2024-04-06,30
CHK01886,MB0442,C01,2024-02-02,45
CHK01887,MB0247,C08,2024-09-21,75
CHK01888,MB0325,C08,2024-08-20,30
CHK01889,MB0365,C05,2024-03-15,30
CHK01890,MB0437,C07,2024-07-11,30
CHK01891,MB0637,C08,2024-04-28,60
CHK01892,MB0537,C05,2024-09-10,45
CHK01893,MB0780,C06,2024-03-06,30
CHK01894,MB0702,C01,2024-10-26,90
CHK01895,MB0029,C04,2024-03-08,45
CHK01896,MB0592,C08,2024-02-21,75
CHK01897,MB0352,C03,2024-10-25,30
CHK01898,MB0239,C01,2024-02-26,45
CHK01899,MB0129,C07,2024-08-18,30
CHK01900,MB0516,C07,2024-03-28,60
CHK01901,MB0125,C05,2024-06-20,30
CHK01902,MB0294,C04,2024-07-30,45
CHK01903,MB0360,C03,2024-02-19,75
CHK01904,MB0517,C02,2024-11-20,60
CHK01905,MB0250,C03,2024-03-15,30
CHK01906,MB0763,C02,2024-12-16,75
CHK01907,MB0259,C08,2024-07-19,30
CHK01908,MB0385,C02,2024-11-23,30
CHK01909,MB0388,C02,2024-11-24,30
CHK01910,MB0762,C02,2024-05-29,90
CHK01911,MB0120,C03,2024-09-22,75
CHK01912,MB0161,C03,2024-11-15,30
CHK01913,MB0644,C05,2024-09-20,45
CHK01914,MB0329,C05,2024-09-15,45
CHK01915,MB0184,C07,2024-05-27,30
CHK01916,MB0544,C05,2024-07-13,75
CHK01917,MB0596,C05,2024-09-27,75
CHK01918,MB0049,C08,2024-05-01,45
CHK01919,MB0290,C06,2024-07-22,60
CHK01920,MB0713,C04,2024-02-18,45
CHK01921,MB0596,C06,2024-07-31,75
CHK01922,MB0172,C02,2024-05-17,45
CHK01923,MB0307,C01,2024-12-20,60
CHK01924,MB0585,C07,2024-07-29,30
CHK01925,MB0059,C05,2024-01-24,75
CHK01926,MB0558,C07,2024-09-28,45
CHK01927,MB0427,C06,2024-09-10,75
CHK01928,MB0399,C08,2024-01-28,90
CHK01929,MB0357,C01,2024-10-30,30
CHK01930,MB0435,C04,2024-09-12,75
CHK01931,MB0472,C08,2024-02-29,75
CHK01932,MB0292,C03,2024-05-17,75
CHK01933,MB0557,C05,2024-12-05,30
CHK01934,MB0525,C01,2024-05-11,90
CHK01935,MB0402,C04,2024-01-30,75
CHK01936,MB0436,C06,2024-11-28,30
CHK01937,MB0427,C08,2024-05-02,60
CHK01938,MB0050,C03,2024-05-31,90
CHK01939,MB0685,C01,2024-02-10,45
CHK01940,MB0615,C08,2024-07-18,75
CHK01941,MB0145,C03,2024-01-11,90
CHK01942,MB0437,C01,2024-07-17,60
CHK01943,MB0380,C05,2024-02-07,75
CHK01944,MB0170,C07,2024-11-07,45
CHK01945,MB0162,C06,2024-07-08,60
CHK01946,MB0580,C04,2024-01-27,45
CHK01947,MB0747,C02,2024-06-15,45
CHK01948,MB0695,C04,2024-08-14,75
CHK01949,MB0561,C07,2024-04-06,45
CHK01950,MB0607,C07,2024-12-14,60
CHK01951,MB0462,C08,2024-04-18,60
CHK01952,MB0253,C06,2024-10-19,30
CHK01953,MB0040,C03,2024-05-05,30
CHK01954,MB0304,C05,2024-12-03,45
CHK01955,MB0097,C07,2024-03-01,30
CHK01956,MB0502,C08,2024-02-08,60
CHK01957,MB0339,C01,2024-06-20,75
CHK01958,MB0541,C08,2024-01-10,90
CHK01959,MB0355,C06,2024-03-24,30
CHK01960,MB0539,C02,2024-08-05,90
CHK01961,MB0559,C05,2024-03-06,60
CHK01962,MB0278,C07,2024-05-05,45
CHK01963,MB0532,C04,2024-09-17,30
CHK01964,MB0089,C04,2024-03-19,30
CHK01965,MB0159,C06,2024-10-02,30
CHK01966,MB0646,C02,2024-12-21,90
CHK01967,MB0303,C05,2024-12-08,45
CHK01968,MB0292,C08,2024-09-21,45
CHK01969,MB0462,C05,2024-09-01,30
CHK01970,MB0651,C05,2024-09-17,30
CHK01971,MB0307,C07,2024-02-10,90
CHK01972,MB0189,C07,2024-08-13,75
CHK01973,MB0389,C08,2024-06-28,60
CHK01974,MB0049,C02,2024-03-25,45
CHK01975,MB0713,C05,2024-08-01,90
CHK01976,MB0487,C01,2024-11-26,90
CHK01977,MB0789,C04,2024-07-25,45
CHK01978,MB0110,C04,2024-09-21,30
CHK01979,MB0208,C01,2024-03-06,45
CHK01980,MB0665,C08,2024-11-20,60
CHK01981,MB0629,C01,2024-12-23,60
CHK01982,MB0797,C06,2024-02-10,90
CHK01983,MB0380,C03,2024-10-08,90
CHK01984,MB0115,C01,2024-04-09,90
CHK01985,MB0614,C08,2024-01-06,60
CHK01986,MB0012,C01,2024-04-17,45
CHK01987,MB0197,C02,2024-08-31,60
CHK01988,MB0550,C07,2024-10-23,60
CHK01989,MB0744,C02,2024-01-01,90
CHK01990,MB0189,C01,2024-08-23,90
CHK01991,MB0329,C06,2024-07-12,75
CHK01992,MB0264,C06,2024-10-20,90
CHK01993,MB0180,C05,2024-02-14,30
CHK01994,MB0029,C06,2024-02-27,45
CHK01995,MB0677,C04,2024-08-20,60
CHK01996,MB0460,C08,2024-07-28,30
CHK01997,MB0090,C08,2024-10-31,45
CHK01998,MB0266,C05,2024-09-15,75
CHK01999,MB0466,C06,2024-06-13,90
CHK02000,MB0499,C01,2024-10-27,45
CHK02001,MB0297,C07,2024-06-19,45
CHK02002,MB0516,C08,2024-06-08,45
CHK02003,MB0023,C04,2024-11-07,30
CHK02004,MB0336,C08,2024-03-02,75
CHK02005,MB0192,C07,2024-01-27,45
CHK02006,MB0210,C01,2024-01-28,45
CHK02007,MB0516,C05,2024-02-14,45
CHK02008,MB0730,C06,2024-02-08,30
CHK02009,MB0080,C02,2024-10-19,90
CHK02010,MB0056,C06,2024-02-12,90
CHK02011,MB0452,C07,2024-09-30,75
CHK02012,MB0657,C04,2024-12-03,90
CHK02013,MB0460,C04,2024-01-29,45
CHK02014,MB0102,C04,2024-08-13,90
CHK02015,MB0676,C06,2024-08-07,45
CHK02016,MB0293,C05,2024-06-08,60
CHK02017,MB0084,C03,2024-02-04,30
CHK02018,MB0312,C05,2024-05-03,60
CHK02019,MB0496,C08,2024-05-19,30
CHK02020,MB0298,C04,2024-07-10,45
CHK02021,MB0474,C04,2024-10-29,30
CHK02022,MB0764,C07,2024-02-12,30
CHK02023,MB0713,C05,2024-03-01,90
CHK02024,MB0640,C07,2024-06-09,60
CHK02025,MB0020,C07,2024-03-27,90
CHK02026,MB0177,C03,2024-03-01,60
CHK02027,MB0641,C01,2024-10-11,30
CHK02028,MB0168,C03,2024-08-31,30
CHK02029,MB0616,C01,2024-03-24,75
CHK02030,MB0077,C06,2024-03-09,45
CHK02031,MB0213,C03,2024-01-25,90
CHK02032,MB0685,C08,2024-01-25,75
CHK02033,MB0595,C04,2024-06-24,30
CHK02034,MB0483,C04,2024-01-23,75
CHK02035,MB0434,C04,2024-04-13,90
CHK02036,MB0003,C04,2024-11-16,45
CHK02037,MB0742,C04,2024-05-31,90
CHK02038,MB0280,C01,2024-09-12,60
CHK02039,MB0340,C08,2024-02-14,30
CHK02040,MB0276,C03,2024-04-14,90
CHK02041,MB0139,C07,2024-11-14,45
CHK02042,MB0650,C01,2024-01-22,75
CHK02043,MB0674,C05,2024-07-02,90
CHK02044,MB0619,C06,2024-06-03,60
CHK02045,MB0412,C03,2024-03-21,90
CHK02046,MB0326,C01,2024-12-17,60
CHK02047,MB0667,C03,2024-12-21,90
CHK02048,MB0583,C05,2024-10-29,45
CHK02049,MB0568,C01,2024-06-13,90
CHK02050,MB0247,C07,2024-07-11,75
CHK02051,MB0188,C02,2024-08-01,90
CHK02052,MB0468,C03,2024-01-25,90
CHK02053,MB0776,C06,2024-08-04,90
CHK02054,MB0108,C07,2024-11-17,60
CHK02055,MB0484,C02,2024-10-01,90
CHK02056,MB0095,C04,2024-10-24,60
CHK02057,MB0190,C04,2024-12-24,45
CHK02058,MB0183,C08,2024-06-27,75
CHK02059,MB0782,C07,2024-02-07,75
CHK02060,MB0573,C02,2024-04-15,60
CHK02061,MB0322,C06,2024-08-07,90
CHK02062,MB0160,C07,2024-04-28,30
CHK02063,MB0401,C01,2024-09-09,60
CHK02064,MB0744,C06,2024-01-18,60
CHK02065,MB0725,C03,2024-12-27,30
CHK02066,MB0014,C08,2024-12-27,60
CHK02067,MB0406,C04,2024-05-05,90
CHK02068,MB0516,C04,2024-05-23,30
CHK02069,MB0335,C08,2024-05-14,45
CHK02070,MB0468,C05,2024-10-26,90
CHK02071,MB0754,C06,2024-07-11,75
CHK02072,MB0184,C08,2024-12-16,45
CHK02073,MB0029,C04,2024-06-14,75
CHK02074,MB0252,C05,2024-12-05,90
CHK02075,MB0481,C04,2024-07-01,45
CHK02076,MB0573,C02,2024-05-04,45
CHK02077,MB0436,C07,2024-09-18,60
CHK02078,MB0281,C08,2024-05-07,60
CHK02079,MB0396,C02,2024-01-17,90
CHK02080,MB0476,C01,2024-01-19,45
CHK02081,MB0700,C04,2024-08-08,45
CHK02082,MB0619,C04,2024-03-09,90
CHK02083,MB0272,C07,2024-03-28,30
CHK02084,MB0085,C06,2024-11-11,30
CHK02085,MB0572,C01,2024-10-05,90
CHK02086,MB0551,C05,2024-07-21,60
CHK02087,MB0070,C06,2024-09-24,90
CHK02088,MB0409,C07,2024-07-12,75
CHK02089,MB0471,C08,2024-05-04,75
CHK02090,MB0550,C02,2024-02-05,60
CHK02091,MB0638,C01,2024-07-25,90
CHK02092,MB0307,C06,2024-08-08,75
CHK02093,MB0227,C01,2024-01-04,45
CHK02094,MB0637,C02,2024-02-14,75
CHK02095,MB0465,C07,2024-01-25,60
CHK02096,MB0310,C02,2024-06-20,30
CHK02097,MB0674,C01,2024-03-23,75
CHK02098,MB0535,C02,2024-09-01,90
CHK02099,MB0461,C07,2024-10-06,30
CHK02100,MB0551,C03,2024-07-19,75
CHK02101,MB0247,C05,2024-05-22,30
CHK02102,MB0118,C02,2024-08-12,90
CHK02103,MB0116,C05,2024-01-14,60
CHK02104,MB0127,C02,2024-05-23,60
CHK02105,MB0720,C01,2024-11-26,60
CHK02106,MB0607,C05,2024-11-18,45
CHK02107,MB0190,C08,2024-06-22,75
CHK02108,MB0081,C08,2024-10-23,75
CHK02109,MB0787,C08,2024-09-14,45
CHK02110,MB0781,C06,2024-09-18,90
CHK02111,MB0153,C07,2024-10-20,30
CHK02112,MB0222,C05,2024-06-26,75
CHK02113,MB0427,C08,2024-03-20,90
CHK02114,MB0712,C05,2024-06-22,30
CHK02115,MB0246,C05,2024-11-11,90
CHK02116,MB0393,C04,2024-10-09,90
CHK02117,MB0385,C07,2024-06-04,30
CHK02118,MB0066,C07,2024-02-04,30
CHK02119,MB0633,C04,2024-01-19,75
CHK02120,MB0347,C01,2024-01-06,90
CHK02121,MB0351,C01,2024-09-01,30
CHK02122,MB0545,C07,2024-02-27,90
CHK02123,MB0123,C01,2024-03-30,90
CHK02124,MB0711,C08,2024-01-25,75
CHK02125,MB0647,C01,2024-01-26,30
CHK02126,MB0216,C08,2024-06-23,30
CHK02127,MB0502,C05,2024-10-31,90
CHK02128,MB0027,C07,2024-05-01,75
CHK02129,MB0228,C07,2024-10-28,90
CHK02130,MB0704,C03,2024-07-11,90
CHK02131,MB0472,C05,2024-08-10,90
CHK02132,MB0737,C06,2024-02-15,90
CHK02133,MB0404,C02,2024-04-02,60
CHK02134,MB0310,C08,2024-06-11,75
CHK02135,MB0070,C04,2024-01-31,30
CHK02136,MB0219,C06,2024-05-28,75
CHK02137,MB0341,C01,2024-09-05,45
CHK02138,MB0348,C07,2024-09-23,45
CHK02139,MB0268,C07,2024-05-02,75
CHK02140,MB0723,C03,2024-07-14,45
CHK02141,MB0327,C06,2024-01-06,60
CHK02142,MB0075,C02,2024-10-05,90
CHK02143,MB0313,C08,2024-11-04,60
CHK02144,MB0201,C07,2024-01-31,60
CHK02145,MB0781,C01,2024-09-17,30
CHK02146,MB0144,C06,2024-06-07,75
CHK02147,MB0096,C02,2024-09-04,60
CHK02148,MB0648,C05,2024-10-14,90
CHK02149,MB0385,C06,2024-12-28,60
CHK02150,MB0109,C04,2024-08-09,30
CHK02151,MB0542,C01,2024-10-18,90
CHK02152,MB0710,C07,2024-05-16,45
CHK02153,MB0584,C01,2024-09-09,30
CHK02154,MB0479,C08,2024-05-16,30
CHK02155,MB0021,C08,2024-04-21,60
CHK02156,MB0434,C07,2024-04-25,60
CHK02157,MB0536,C07,2024-08-27,90
CHK02158,MB0197,C02,2024-03-05,45
CHK02159,MB0545,C02,2024-05-02,75
CHK02160,MB0548,C08,2024-05-30,60
CHK02161,MB0794,C07,2024-07-26,45
CHK02162,MB0193,C05,2024-08-21,45
CHK02163,MB0773,C08,2024-02-06,90
CHK02164,MB0094,C07,2024-04-09,30
CHK02165,MB0624,C08,2024-02-24,90
CHK02166,MB0548,C02,2024-09-01,60
CHK02167,MB0665,C07,2024-04-30,60
CHK02168,MB0488,C05,2024-03-02,45
CHK02169,MB0147,C05,2024-08-20,75
CHK02170,MB0715,C03,2024-12-13,30
CHK02171,MB0438,C08,2024-10-01,90
CHK02172,MB0726,C01,2024-03-24,60
CHK02173,MB0623,C06,2024-09-02,60
CHK02174,MB0208,C02,2024-10-16,90
CHK02175,MB0592,C06,2024-03-03,75
CHK02176,MB0713,C07,2024-01-16,75
CHK02177,MB0238,C04,2024-12-18,45
CHK02178,MB0751,C01,2024-06-30,75
CHK02179,MB0433,C05,2024-05-03,60
CHK02180,MB0216,C01,2024-05-27,90
CHK02181,MB0305,C01,2024-10-11,30
CHK02182,MB0430,C07,2024-12-26,45
CHK02183,MB0013,C05,2024-02-16,60
CHK02184,MB0012,C06,2024-03-01,60
CHK02185,MB0295,C03,2024-12-22,45
CHK02186,MB0491,C08,2024-07-24,30
CHK02187,MB0775,C06,2024-09-13,30
CHK02188,MB0678,C04,2024-01-02,30
CHK02189,MB0799,C01,2024-11-30,90
CHK02190,MB0557,C05,2024-05-17,45
CHK02191,MB0542,C02,2024-02-17,60
CHK02192,MB0588,C02,2024-11-06,45
CHK02193,MB0606,C01,2024-06-18,30
CHK02194,MB0386,C04,2024-11-04,30
CHK02195,MB0335,C06,2024-06-24,75
CHK02196,MB0315,C05,2024-06-24,90
CHK02197,MB0206,C04,2024-11-05,60
CHK02198,MB0482,C06,2024-09-21,90
CHK02199,MB0231,C04,2024-09-09,45
CHK02200,MB0269,C05,2024-09-03,75
CHK02201,MB0158,C05,2024-12-28,30
CHK02202,MB0520,C01,2024-11-04,45
CHK02203,MB0163,C02,2024-07-23,30
CHK02204,MB0346,C07,2024-02-03,90
CHK02205,MB0171,C04,2024-03-05,30
CHK02206,MB0712,C04,2024-12-03,45
CHK02207,MB0134,C08,2024-09-30,90
CHK02208,MB0799,C07,2024-08-18,45
CHK02209,MB0064,C03,2024-11-30,60
CHK02210,MB0168,C01,2024-02-28,45
CHK02211,MB0282,C01,2024-10-30,75
CHK02212,MB0738,C01,2024-03-26,90
CHK02213,MB0771,C08,2024-07-16,45
CHK02214,MB0131,C06,2024-06-17,60
CHK02215,MB0640,C04,2024-06-28,60
CHK02216,MB0427,C07,2024-06-17,60
CHK02217,MB0734,C04,2024-11-07,30
CHK02218,MB0530,C08,2024-05-11,30
CHK02219,MB0668,C04,2024-10-15,45
CHK02220,MB0386,C08,2024-10-03,90
CHK02221,MB0437,C03,2024-04-23,60
CHK02222,MB0431,C06,2024-01-13,75
CHK02223,MB0389,C07,2024-01-09,90
CHK02224,MB0463,C01,2024-06-19,45
CHK02225,MB0571,C08,2024-10-09,75
CHK02226,MB0436,C08,2024-09-24,75
CHK02227,MB0256,C01,2024-10-05,60
CHK02228,MB0758,C07,2024-06-11,75
CHK02229,MB0333,C06,2024-07-05,45
CHK02230,MB0504,C08,2024-03-06,60
CHK02231,MB0424,C04,2024-07-06,75
CHK02232,MB0310,C06,2024-10-09,90
CHK02233,MB0548,C05,2024-06-28,45
CHK02234,MB0326,C04,2024-01-01,75
CHK02235,MB0594,C07,2024-11-13,60
CHK02236,MB0344,C01,2024-01-04,75
CHK02237,MB0315,C02,2024-01-17,90
CHK02238,MB0733,C08,2024-07-28,30
CHK02239,MB0465,C03,2024-09-21,30
CHK02240,MB0651,C04,2024-10-06,60
CHK02241,MB0090,C01,2024-12-01,75
CHK02242,MB0766,C06,2024-10-05,30
CHK02243,MB0784,C07,2024-09-17,45
CHK02244,MB0413,C08,2024-07-13,45
CHK02245,MB0408,C01,2024-05-29,60
CHK02246,MB0052,C04,2024-08-25,45
CHK02247,MB0342,C05,2024-06-09,60
CHK02248,MB0168,C03,2024-04-27,75
CHK02249,MB0246,C08,2024-08-29,45
CHK02250,MB0553,C04,2024-09-25,75
CHK02251,MB0629,C08,2024-01-08,45
CHK02252,MB0658,C06,2024-12-19,30
CHK02253,MB0473,C07,2024-05-08,90
CHK02254,MB0684,C07,2024-07-18,60
CHK02255,MB0644,C05,2024-07-24,90
CHK02256,MB0547,C04,2024-03-03,75
CHK02257,MB0119,C05,2024-09-07,45
CHK02258,MB0053,C03,2024-02-14,60
CHK02259,MB0742,C03,2024-11-21,30
CHK02260,MB0218,C04,2024-11-07,75
CHK02261,MB0537,C02,2024-12-01,30
CHK02262,MB0126,C06,2024-10-12,45
CHK02263,MB0419,C03,2024-10-08,90
CHK02264,MB0427,C06,2024-01-16,75
CHK02265,MB0593,C02,2024-02-05,30
CHK02266,MB0080,C08,2024-11-12,30
CHK02267,MB0675,C03,2024-10-06,30
CHK02268,MB0562,C02,2024-07-13,45
CHK02269,MB0777,C05,2024-06-21,90
CHK02270,MB0752,C08,2024-01-23,30
CHK02271,MB0138,C07,2024-03-31,60
CHK02272,MB0202,C04,2024-10-30,30
CHK02273,MB0237,C02,2024-02-19,90
CHK02274,MB0287,C06,2024-02-29,45
CHK02275,MB0788,C04,2024-02-20,60
CHK02276,MB0276,C06,2024-05-05,30
CHK02277,MB0398,C08,2024-06-30,45
CHK02278,MB0779,C06,2024-02-19,45
CHK02279,MB0696,C05,2024-12-26,90
CHK02280,MB0257,C03,2024-05-25,45
CHK02281,MB0553,C01,2024-10-27,45
CHK02282,MB0278,C07,2024-07-06,45
CHK02283,MB0190,C04,2024-03-28,75
CHK02284,MB0153,C02,2024-03-30,30
CHK02285,MB0458,C02,2024-09-24,60
CHK02286,MB0477,C07,2024-03-02,90
CHK02287,MB0705,C08,2024-07-06,75
CHK02288,MB0436,C03,2024-05-20,30
CHK02289,MB0710,C02,2024-10-23,30
CHK02290,MB0089,C08,2024-03-04,75
CHK02291,MB0121,C01,2024-04-02,30
CHK02292,MB0212,C02,2024-02-16,30
CHK02293,MB0627,C03,2024-08-29,60
CHK02294,MB0403,C02,2024-04-22,75
CHK02295,MB0506,C02,2024-11-14,60
CHK02296,MB0010,C02,2024-03-28,60
CHK02297,MB0356,C01,2024-08-08,90
CHK02298,MB0024,C02,2024-05-10,90
CHK02299,MB0055,C02,2024-05-18,90
CHK02300,MB0094,C08,2024-09-02,90
CHK02301,MB0160,C02,2024-05-03,30
CHK02302,MB0121,C02,2024-01-28,90
CHK02303,MB0312,C05,2024-10-01,45
CHK02304,MB0647,C03,2024-08-06,45
CHK02305,MB0653,C01,2024-10-01,30
CHK02306,MB0347,C01,2024-07-27,45
CHK02307,MB0221,C01,2024-04-23,60
CHK02308,MB0587,C08,2024-05-27,90
CHK02309,MB0438,C01,2024-09-28,45
CHK02310,MB0335,C03,2024-12-01,75
CHK02311,MB0308,C06,2024-05-03,75
CHK02312,MB0652,C05,2024-05-29,75
CHK02313,MB0758,C04,2024-07-16,90
CHK02314,MB0145,C06,2024-02-22,30
CHK02315,MB0466,C05,2024-10-08,30
CHK02316,MB0587,C08,2024-12-23,75
CHK02317,MB0763,C08,2024-10-12,90
CHK02318,MB0489,C05,2024-02-22,45
CHK02319,MB0417,C07,2024-05-19,60
CHK02320,MB0640,C03,2024-09-03,90
CHK02321,MB0530,C05,2024-09-27,45
CHK02322,MB0666,C02,2024-10-06,75
CHK02323,MB0347,C07,2024-07-04,75
CHK02324,MB0365,C02,2024-03-10,30
CHK02325,MB0059,C03,2024-08-11,30
CHK02326,MB0247,C05,2024-09-29,60
CHK02327,MB0443,C08,2024-09-22,45
CHK02328,MB0016,C05,2024-04-24,75
CHK02329,MB0254,C08,2024-12-01,90
CHK02330,MB0473,C06,2024-06-24,30
CHK02331,MB0284,C04,2024-03-22,75
CHK02332,MB0466,C05,2024-05-08,45
CHK02333,MB0055,C02,2024-09-06,45
CHK02334,MB0701,C07,2024-01-14,30
CHK02335,MB0148,C08,2024-10-07,45
CHK02336,MB0191,C04,2024-03-03,60
CHK02337,MB0671,C03,2024-11-02,60
CHK02338,MB0695,C02,2024-10-31,75
CHK02339,MB0075,C01,2024-05-07,75
CHK02340,MB0686,C02,2024-05-02,90
CHK02341,MB0543,C05,2024-08-15,90
CHK02342,MB0324,C04,2024-12-16,30
CHK02343,MB0585,C02,2024-04-03,90
CHK02344,MB0544,C08,2024-03-08,90
CHK02345,MB0687,C08,2024-04-13,75
CHK02346,MB0698,C06,2024-08-19,30
CHK02347,MB0222,C02,2024-12-12,30
CHK02348,MB0455,C06,2024-03-03,45
CHK02349,MB0416,C06,2024-01-07,75
CHK02350,MB0201,C06,2024-08-07,60
CHK02351,MB0409,C05,2024-05-27,75
CHK02352,MB0573,C08,2024-08-21,45
CHK02353,MB0428,C01,2024-10-27,75
CHK02354,MB0232,C08,2024-03-13,60
CHK02355,MB0714,C03,2024-03-26,75
CHK02356,MB0490,C01,2024-07-30,75
CHK02357,MB0175,C03,2024-01-07,30
CHK02358,MB0760,C07,2024-09-08,75
CHK02359,MB0574,C02,2024-11-15,30
CHK02360,MB0391,C07,2024-08-31,90
CHK02361,MB0606,C03,2024-10-21,45
CHK02362,MB0302,C06,2024-07-27,45
CHK02363,MB0532,C01,2024-08-08,30
CHK02364,MB0504,C05,2024-10-21,90
CHK02365,MB0153,C02,2024-07-03,30
CHK02366,MB0592,C05,2024-04-28,90
CHK02367,MB0665,C04,2024-04-11,30
CHK02368,MB0729,C07,2024-06-16,45
CHK02369,MB0714,C07,2024-10-29,30
CHK02370,MB0100,C02,2024-05-01,90
CHK02371,MB0553,C08,2024-11-21,45
CHK02372,MB0075,C07,2024-08-11,30
CHK02373,MB0737,C05,2024-02-12,75
CHK02374,MB0708,C01,2024-10-20,90
CHK02375,MB0762,C07,2024-02-05,45
CHK02376,MB0339,C01,2024-07-12,30
CHK02377,MB0727,C03,2024-07-31,60
CHK02378,MB0725,C03,2024-05-22,60
CHK02379,MB0564,C03,2024-05-09,30
CHK02380,MB0172,C04,2024-10-26,60
CHK02381,MB0087,C05,2024-05-04,45
CHK02382,MB0500,C07,2024-11-29,45
CHK02383,MB0474,C06,2024-07-23,45
CHK02384,MB0497,C02,2024-04-03,75
CHK02385,MB0514,C01,2024-05-19,60
CHK02386,MB0790,C03,2024-09-29,30
CHK02387,MB0709,C07,2024-03-15,75
CHK02388,MB0774,C05,2024-10-14,75
CHK02389,MB0324,C08,2024-09-15,60
CHK02390,MB0740,C08,2024-02-09,75
CHK02391,MB0031,C08,2024-03-09,45
CHK02392,MB0177,C04,2024-01-06,30
CHK02393,MB0484,C01,2024-08-22,30
CHK02394,MB0637,C05,2024-02-09,60
CHK02395,MB0201,C05,2024-10-16,45
CHK02396,MB0676,C05,2024-03-27,60
CHK02397,MB0183,C05,2024-02-25,75
CHK02398,MB0356,C04,2024-07-12,30
CHK02399,MB0758,C04,2024-11-09,30
CHK02400,MB0095,C02,2024-10-07,45
CHK02401,MB0079,C03,2024-02-14,60
CHK02402,MB0143,C04,2024-09-12,90
CHK02403,MB0159,C07,2024-01-04,45
CHK02404,MB0480,C06,2024-03-22,60
CHK02405,MB0680,C05,2024-06-03,75
CHK02406,MB0398,C02,2024-07-26,30
CHK02407,MB0651,C05,2024-12-06,75
CHK02408,MB0086,C02,2024-10-02,45
CHK02409,MB0750,C04,2024-09-07,60
CHK02410,MB0249,C08,2024-10-24,90
CHK02411,MB0596,C08,2024-03-30,45
CHK02412,MB0431,C03,2024-07-18,90
CHK02413,MB0630,C04,2024-01-08,45
CHK02414,MB0063,C07,2024-02-20,30
CHK02415,MB0391,C03,2024-08-04,45
CHK02416,MB0331,C03,2024-05-19,30
CHK02417,MB0774,C05,2024-04-22,30
CHK02418,MB0025,C05,2024-08-18,75
CHK02419,MB0565,C06,2024-04-08,75
CHK02420,MB0269,C03,2024-11-24,45
CHK02421,MB0755,C08,2024-10-16,30
CHK02422,MB0559,C08,2024-09-21,30
CHK02423,MB0597,C07,2024-03-06,60
CHK02424,MB0793,C03,2024-09-10,60
CHK02425,MB0358,C02,2024-07-18,60
CHK02426,MB0775,C04,2024-12-03,60
CHK02427,MB0126,C05,2024-11-16,30
CHK02428,MB0214,C07,2024-11-06,90
CHK02429,MB0353,C06,2024-10-13,90
CHK02430,MB0596,C03,2024-08-26,30
CHK02431,MB0250,C06,2024-11-17,45
CHK02432,MB0214,C06,2024-12-27,30
CHK02433,MB0256,C07,2024-10-20,75
CHK02434,MB0247,C05,2024-07-25,90
CHK02435,MB0446,C02,2024-04-17,30
CHK02436,MB0007,C02,2024-11-12,30
CHK02437,MB0263,C06,2024-07-10,75
CHK02438,MB0274,C02,2024-02-10,30
CHK02439,MB0561,C06,2024-08-17,60
CHK02440,MB0087,C03,2024-01-27,90
CHK02441,MB0494,C01,2024-04-19,90
CHK02442,MB0076,C08,2024-09-19,45
CHK02443,MB0204,C06,2024-11-27,30
CHK02444,MB0588,C07,2024-02-14,60
CHK02445,MB0146,C07,2024-05-12,30
CHK02446,MB0651,C02,2024-08-04,75
CHK02447,MB0095,C06,2024-11-24,90
CHK02448,MB0022,C01,2024-05-18,75
CHK02449,MB0432,C06,2024-06-14,30
CHK02450,MB0343,C06,2024-12-18,60
CHK02451,MB0220,C03,2024-08-28,60
CHK02452,MB0042,C01,2024-06-27,60
CHK02453,MB0382,C01,2024-06-02,90
CHK02454,MB0447,C02,2024-08-17,45
CHK02455,MB0371,C05,2024-09-28,45
CHK02456,MB0675,C05,2024-12-03,90
CHK02457,MB0469,C05,2024-10-23,90
CHK02458,MB0619,C02,2024-04-01,60
CHK02459,MB0324,C06,2024-08-26,75
CHK02460,MB0594,C06,2024-08-05,75
CHK02461,MB0281,C03,2024-05-12,45
CHK02462,MB0618,C08,2024-11-25,90
CHK02463,MB0258,C04,2024-05-09,45
CHK02464,MB0351,C08,2024-07-09,75
CHK02465,MB0790,C01,2024-05-20,90
CHK02466,MB0094,C07,2024-06-04,90
CHK02467,MB0543,C06,2024-11-17,45
CHK02468,MB0566,C05,2024-10-10,45
CHK02469,MB0281,C08,2024-01-22,45
CHK02470,MB0528,C06,2024-02-02,60
CHK02471,MB0057,C08,2024-07-27,75
CHK02472,MB0376,C02,2024-08-05,45
CHK02473,MB0454,C04,2024-08-09,90
CHK02474,MB0553,C03,2024-10-15,60
CHK02475,MB0322,C08,2024-01-06,45
CHK02476,MB0764,C04,2024-11-24,45
CHK02477,MB0364,C05,2024-10-23,75
CHK02478,MB0040,C08,2024-12-18,45
CHK02479,MB0260,C03,2024-04-06,90
CHK02480,MB0589,C01,2024-06-09,90
CHK02481,MB0681,C07,2024-09-30,75
CHK02482,MB0490,C06,2024-12-08,60
CHK02483,MB0346,C05,2024-04-08,30
CHK02484,MB0078,C03,2024-11-30,60
CHK02485,MB0607,C06,2024-06-22,90
CHK02486,MB0755,C02,2024-11-08,60
CHK02487,MB0420,C07,2024-05-15,75
CHK02488,MB0750,C05,2024-02-05,30
CHK02489,MB0402,C05,2024-12-25,60
CHK02490,MB0322,C01,2024-02-24,45
CHK02491,MB0403,C03,2024-10-19,30
CHK02492,MB0392,C03,2024-05-01,60
CHK02493,MB0690,C01,2024-07-17,60
CHK02494,MB0392,C06,2024-05-21,60
CHK02495,MB0309,C05,2024-06-15,75
CHK02496,MB0245,C01,2024-08-18,75
CHK02497,MB0227,C04,2024-03-31,60
CHK02498,MB0028,C06,2024-06-23,45
CHK02499,MB0276,C02,2024-01-11,90
CHK02500,MB0258,C04,2024-09-13,75
CHK02501,MB0174,C07,2024-07-09,75
CHK02502,MB0111,C04,2024-11-20,30
CHK02503,MB0535,C08,2024-05-07,60
CHK02504,MB0150,C08,2024-12-29,90
CHK02505,MB0223,C01,2024-09-01,45
CHK02506,MB0122,C03,2024-08-30,30
CHK02507,MB0559,C08,2024-01-08,90
CHK02508,MB0355,C01,2024-05-13,90
CHK02509,MB0215,C04,2024-05-12,75
CHK02510,MB0394,C04,2024-05-10,30
CHK02511,MB0298,C03,2024-04-13,75
CHK02512,MB0217,C02,2024-05-07,60
CHK02513,MB0626,C05,2024-01-03,75
CHK02514,MB0060,C05,2024-07-24,75
CHK02515,MB0419,C07,2024-11-19,75
CHK02516,MB0128,C05,2024-03-17,75
CHK02517,MB0653,C05,2024-02-18,75
CHK02518,MB0145,C03,2024-09-09,30
CHK02519,MB0799,C06,2024-11-17,75
CHK02520,MB0323,C02,2024-11-01,60
CHK02521,MB0624,C04,2024-03-30,90
CHK02522,MB0558,C07,2024-12-05,60
CHK02523,MB0192,C03,2024-05-01,30
CHK02524,MB0666,C05,2024-07-03,75
CHK02525,MB0265,C08,2024-08-10,30
CHK02526,MB0431,C05,2024-03-18,45
CHK02527,MB0701,C04,2024-09-30,75
CHK02528,MB0522,C03,2024-08-23,90
CHK02529,MB0093,C03,2024-01-05,75
CHK02530,MB0679,C02,2024-01-09,30
CHK02531,MB0744,C01,2024-04-14,30
CHK02532,MB0154,C06,2024-09-28,60
CHK02533,MB0120,C08,2024-10-25,60
CHK02534,MB0773,C01,2024-08-17,60
CHK02535,MB0043,C03,2024-04-22,90
CHK02536,MB0075,C05,2024-01-06,30
CHK02537,MB0102,C06,2024-08-13,30
CHK02538,MB0030,C01,2024-07-06,30
CHK02539,MB0611,C06,2024-01-29,60
CHK02540,MB0399,C03,2024-01-08,90
CHK02541,MB0710,C01,2024-07-07,75
CHK02542,MB0794,C08,2024-12-05,45
CHK02543,MB0154,C08,2024-08-05,60
CHK02544,MB0343,C03,2024-12-17,30
CHK02545,MB0431,C02,2024-09-05,45
CHK02546,MB0611,C05,2024-05-10,60
CHK02547,MB0080,C03,2024-01-22,75
CHK02548,MB0474,C04,2024-06-29,45
CHK02549,MB0280,C08,2024-06-06,60
CHK02550,MB0388,C02,2024-08-19,90
CHK02551,MB0434,C08,2024-07-04,60
CHK02552,MB0244,C01,2024-02-25,75
CHK02553,MB0687,C01,2024-04-22,60
CHK02554,MB0653,C03,2024-12-21,75
CHK02555,MB0438,C04,2024-03-17,75
CHK02556,MB0438,C01,2024-03-06,60
CHK02557,MB0711,C04,2024-11-12,30
CHK02558,MB0272,C01,2024-09-29,75
CHK02559,MB0158,C05,2024-08-21,90
CHK02560,MB0214,C03,2024-04-09,90
CHK02561,MB0655,C04,2024-12-17,90
CHK02562,MB0169,C03,2024-12-13,75
CHK02563,MB0231,C07,2024-01-07,90
CHK02564,MB0488,C02,2024-06-20,75
CHK02565,MB0785,C08,2024-07-15,30
CHK02566,MB0673,C02,2024-09-22,90
CHK02567,MB0013,C04,2024-05-31,30
CHK02568,MB0037,C03,2024-06-20,90
CHK02569,MB0466,C02,2024-12-23,75
CHK02570,MB0592,C07,2024-09-26,45
CHK02571,MB0621,C04,2024-06-02,45
CHK02572,MB0759,C08,2024-07-22,60
CHK02573,MB0164,C01,2024-04-21,90
CHK02574,MB0615,C06,2024-09-18,30
CHK02575,MB0493,C07,2024-06-20,60
CHK02576,MB0546,C06,2024-02-12,60
CHK02577,MB0539,C02,2024-07-20,30
CHK02578,MB0212,C06,2024-07-25,60
CHK02579,MB0122,C04,2024-06-26,60
CHK02580,MB0452,C01,2024-01-06,75
CHK02581,MB0289,C05,2024-02-24,45
CHK02582,MB0548,C01,2024-10-09,45
CHK02583,MB0614,C03,2024-11-07,90
CHK02584,MB0118,C05,2024-01-28,75
CHK02585,MB0714,C01,2024-10-25,30
CHK02586,MB0190,C04,2024-02-22,30
CHK02587,MB0437,C02,2024-09-22,60
CHK02588,MB0205,C01,2024-04-16,60
CHK02589,MB0167,C07,2024-11-27,90
CHK02590,MB0479,C04,2024-03-22,30
CHK02591,MB0079,C06,2024-02-28,30
CHK02592,MB0188,C02,2024-05-23,90
CHK02593,MB0674,C03,2024-02-04,45
CHK02594,MB0704,C05,2024-07-10,60
CHK02595,MB0418,C07,2024-07-04,45
CHK02596,MB0236,C08,2024-01-11,60
CHK02597,MB0602,C03,2024-07-02,60
CHK02598,MB0674,C05,2024-11-15,60
CHK02599,MB0617,C01,2024-12-30,60
CHK02600,MB0466,C02,2024-07-22,45
CHK02601,MB0677,C03,2024-10-09,75
CHK02602,MB0082,C08,2024-04-21,75
CHK02603,MB0493,C04,2024-01-06,30
CHK02604,MB0672,C02,2024-08-05,30
CHK02605,MB0191,C01,2024-10-01,60
CHK02606,MB0639,C01,2024-07-08,90
CHK02607,MB0275,C02,2024-03-21,30
CHK02608,MB0266,C02,2024-05-10,75
CHK02609,MB0445,C04,2024-07-11,90
CHK02610,MB0029,C01,2024-05-11,60
CHK02611,MB0358,C03,2024-11-27,30
CHK02612,MB0665,C05,2024-07-17,30
CHK02613,MB0245,C02,2024-04-21,60
CHK02614,MB0193,C02,2024-09-02,90
CHK02615,MB0384,C01,2024-07-03,45
CHK02616,MB0321,C03,2024-04-13,75
CHK02617,MB0392,C01,2024-03-20,75
CHK02618,MB0549,C04,2024-10-09,75
CHK02619,MB0197,C08,2024-04-25,75
CHK02620,MB0371,C08,2024-07-01,60
CHK02621,MB0490,C08,2024-02-07,75
CHK02622,MB0183,C06,2024-10-14,45
CHK02623,MB0470,C06,2024-09-23,75
CHK02624,MB0223,C04,2024-08-02,45
CHK02625,MB0107,C05,2024-12-20,30
CHK02626,MB0759,C01,2024-01-04,60
CHK02627,MB0068,C03,2024-02-23,30
CHK02628,MB0576,C05,2024-09-21,30
CHK02629,MB0194,C07,2024-01-09,60
CHK02630,MB0068,C02,2024-10-04,75
CHK02631,MB0167,C08,2024-10-02,30
CHK02632,MB0728,C07,2024-12-12,30
CHK02633,MB0134,C01,2024-12-09,45
CHK02634,MB0580,C06,2024-02-05,30
CHK02635,MB0177,C06,2024-05-30,30
CHK02636,MB0582,C04,2024-07-25,90
CHK02637,MB0538,C06,2024-10-02,75
CHK02638,MB0581,C04,2024-03-15,90
CHK02639,MB0113,C05,2024-04-25,75
CHK02640,MB0105,C05,2024-03-04,30
CHK02641,MB0717,C01,2024-12-08,75
CHK02642,MB0327,C07,2024-07-05,90
CHK02643,MB0599,C01,2024-02-24,75
CHK02644,MB0058,C08,2024-04-14,75
CHK02645,MB0050,C07,2024-06-02,75
CHK02646,MB0093,C05,2024-03-28,60
CHK02647,MB0348,C06,2024-10-19,60
CHK02648,MB0631,C01,2024-05-12,75
CHK02649,MB0365,C05,2024-12-25,45
CHK02650,MB0525,C03,2024-05-31,45
CHK02651,MB0728,C01,2024-10-13,45
CHK02652,MB0237,C01,2024-03-10,60
CHK02653,MB0731,C07,2024-05-01,45
CHK02654,MB0256,C01,2024-03-27,75
CHK02655,MB0416,C07,2024-01-30,45
CHK02656,MB0727,C08,2024-11-03,90
CHK02657,MB0205,C06,2024-09-26,30
CHK02658,MB0300,C02,2024-02-07,60
CHK02659,MB0676,C03,2024-08-03,45
CHK02660,MB0065,C01,2024-11-29,75
CHK02661,MB0106,C08,2024-03-28,60
CHK02662,MB0576,C03,2024-11-19,75
CHK02663,MB0519,C08,2024-10-08,30
CHK02664,MB0395,C04,2024-01-25,60
CHK02665,MB0350,C05,2024-05-31,60
CHK02666,MB0757,C08,2024-07-01,60
CHK02667,MB0614,C07,2024-09-26,75
CHK02668,MB0517,C05,2024-09-09,30
CHK02669,MB0684,C02,2024-12-03,45
CHK02670,MB0704,C04,2024-01-03,90
CHK02671,MB0344,C08,2024-10-22,60
CHK02672,MB0521,C05,2024-06-07,45
CHK02673,MB0709,C02,2024-09-20,45
CHK02674,MB0204,C02,2024-05-29,30
CHK02675,MB0122,C03,2024-04-04,75
CHK02676,MB0495,C05,2024-10-17,75
CHK02677,MB0614,C07,2024-04-06,60
CHK02678,MB0285,C07,2024-09-08,60
CHK02679,MB0315,C02,2024-06-17,75
CHK02680,MB0362,C08,2024-10-24,75
CHK02681,MB0388,C04,2024-03-25,75
CHK02682,MB0580,C04,2024-11-16,90
CHK02683,MB0297,C02,2024-08-05,60
CHK02684,MB0264,C04,2024-08-08,75
CHK02685,MB0277,C02,2024-12-04,60
CHK02686,MB0364,C06,2024-05-16,60
CHK02687,MB0683,C06,2024-04-15,60
CHK02688,MB0648,C02,2024-07-02,90
CHK02689,MB0277,C07,2024-10-02,30
CHK02690,MB0588,C06,2024-04-23,60
CHK02691,MB0496,C06,2024-03-15,45
CHK02692,MB0200,C01,2024-04-25,90
CHK02693,MB0211,C06,2024-05-11,75
CHK02694,MB0454,C06,2024-03-21,90
CHK02695,MB0271,C02,2024-08-15,30
CHK02696,MB0761,C02,2024-08-28,30
CHK02697,MB0459,C01,2024-10-19,75
CHK02698,MB0770,C03,2024-12-29,30
CHK02699,MB0416,C05,2024-06-17,45
CHK02700,MB0007,C03,2024-12-10,30
CHK02701,MB0272,C03,2024-03-22,90
CHK02702,MB0369,C02,2024-07-18,60
CHK02703,MB0478,C06,2024-12-14,75
CHK02704,MB0256,C03,2024-03-02,45
CHK02705,MB0102,C02,2024-11-01,60
CHK02706,MB0203,C08,2024-07-13,45
CHK02707,MB0483,C05,2024-02-04,75
CHK02708,MB0384,C01,2024-12-11,60
CHK02709,MB0784,C03,2024-08-26,75
CHK02710,MB0593,C07,2024-09-16,30
CHK02711,MB0269,C01,2024-06-05,75
CHK02712,MB0259,C05,2024-03-12,30
CHK02713,MB0487,C08,2024-04-22,30
CHK02714,MB0659,C02,2024-02-17,75
CHK02715,MB0603,C01,2024-05-12,75
CHK02716,MB0562,C04,2024-05-17,45
CHK02717,MB0276,C08,2024-12-22,75
CHK02718,MB0264,C04,2024-03-12,30
CHK02719,MB0733,C01,2024-12-19,60
CHK02720,MB0006,C01,2024-01-16,45
CHK02721,MB0304,C08,2024-03-27,30
CHK02722,MB0363,C04,2024-11-27,75
CHK02723,MB0082,C06,2024-06-19,90
CHK02724,MB0198,C06,2024-03-03,60
CHK02725,MB0024,C07,2024-05-30,45
CHK02726,MB0483,C07,2024-09-26,45
CHK02727,MB0644,C05,2024-03-19,90
CHK02728,MB0296,C07,2024-05-22,60
CHK02729,MB0153,C02,2024-05-03,60
CHK02730,MB0242,C05,2024-01-09,60
CHK02731,MB0006,C02,2024-05-23,45
CHK02732,MB0173,C05,2024-05-01,45
CHK02733,MB0338,C06,2024-01-14,90
CHK02734,MB0149,C02,2024-02-19,90
CHK02735,MB0316,C05,2024-02-07,30
CHK02736,MB0284,C05,2024-01-29,75
CHK02737,MB0735,C08,2024-09-21,30
CHK02738,MB0183,C03,2024-09-04,75
CHK02739,MB0175,C03,2024-03-03,60
CHK02740,MB0704,C05,2024-10-01,45
CHK02741,MB0029,C02,2024-11-05,45
CHK02742,MB0379,C03,2024-08-19,60
CHK02743,MB0499,C02,2024-05-27,30
CHK02744,MB0591,C08,2024-07-28,60
CHK02745,MB0566,C07,2024-08-03,90
CHK02746,MB0594,C06,2024-09-14,45
CHK02747,MB0433,C03,2024-07-12,75
CHK02748,MB0627,C04,2024-10-15,30
CHK02749,MB0634,C07,2024-03-27,60
CHK02750,MB0727,C02,2024-06-25,90
CHK02751,MB0152,C08,2024-12-10,30
CHK02752,MB0790,C05,2024-10-15,60
CHK02753,MB0073,C04,2024-06-21,90
CHK02754,MB0464,C07,2024-05-01,30
CHK02755,MB0369,C01,2024-09-09,60
CHK02756,MB0065,C08,2024-08-12,60
CHK02757,MB0678,C02,2024-05-12,30
CHK02758,MB0433,C06,2024-03-31,45
CHK02759,MB0501,C02,2024-08-25,75
CHK02760,MB0588,C03,2024-09-02,30
CHK02761,MB0749,C06,2024-03-13,60
CHK02762,MB0433,C03,2024-09-06,90
CHK02763,MB0077,C08,2024-08-09,30
CHK02764,MB0366,C08,2024-07-28,45
CHK02765,MB0017,C01,2024-08-24,90
CHK02766,MB0728,C04,2024-02-06,45
CHK02767,MB0351,C05,2024-06-17,60
CHK02768,MB0660,C08,2024-07-28,60
CHK02769,MB0328,C01,2024-09-17,75
CHK02770,MB0069,C04,2024-07-24,60
CHK02771,MB0755,C04,2024-03-15,45
CHK02772,MB0004,C04,2024-03-15,75
CHK02773,MB0137,C08,2024-10-06,45
CHK02774,MB0610,C01,2024-12-07,60
CHK02775,MB0155,C05,2024-09-19,90
CHK02776,MB0114,C02,2024-04-23,60
CHK02777,MB0089,C04,2024-11-17,60
CHK02778,MB0745,C06,2024-11-03,30
CHK02779,MB0727,C06,2024-03-22,45
CHK02780,MB0043,C05,2024-04-09,45
CHK02781,MB0355,C03,2024-09-30,60
CHK02782,MB0373,C06,2024-02-07,75
CHK02783,MB0394,C01,2024-09-12,90
CHK02784,MB0780,C07,2024-08-19,75
CHK02785,MB0635,C03,2024-12-19,60
CHK02786,MB0387,C02,2024-08-21,90
CHK02787,MB0078,C05,2024-03-27,75
CHK02788,MB0691,C08,2024-05-28,90
CHK02789,MB0438,C04,2024-12-08,30
CHK02790,MB0596,C06,2024-03-06,30
CHK02791,MB0696,C01,2024-01-15,45
CHK02792,MB0619,C06,2024-10-26,90
CHK02793,MB0161,C01,2024-06-18,45
CHK02794,MB0700,C07,2024-03-17,30
CHK02795,MB0108,C06,2024-01-04,45
CHK02796,MB0342,C02,2024-08-27,30
CHK02797,MB0327,C06,2024-07-14,90
CHK02798,MB0140,C05,2024-07-27,75
CHK02799,MB0051,C03,2024-08-04,30
CHK02800,MB0634,C08,2024-05-13,75
CHK02801,MB0554,C04,2024-03-11,30
CHK02802,MB0136,C05,2024-07-14,60
CHK02803,MB0631,C02,2024-08-26,75
CHK02804,MB0626,C02,2024-05-30,75
CHK02805,MB0542,C03,2024-03-14,45
CHK02806,MB0530,C05,2024-08-04,60
CHK02807,MB0224,C05,2024-05-08,90
CHK02808,MB0723,C02,2024-08-18,90
CHK02809,MB0714,C03,2024-01-18,60
CHK02810,MB0770,C02,2024-12-28,60
CHK02811,MB0790,C08,2024-02-10,75
CHK02812,MB0294,C08,2024-01-02,75
CHK02813,MB0264,C01,2024-07-08,45
CHK02814,MB0136,C03,2024-07-24,75
CHK02815,MB0232,C04,2024-04-10,75
CHK02816,MB0216,C01,2024-02-01,90
CHK02817,MB0455,C02,2024-08-13,45
CHK02818,MB0426,C03,2024-04-17,45
CHK02819,MB0335,C03,2024-04-11,30
CHK02820,MB0392,C05,2024-10-11,30
CHK02821,MB0660,C03,2024-10-28,60
CHK02822,MB0663,C05,2024-06-15,30
CHK02823,MB0275,C08,2024-02-24,30
CHK02824,MB0522,C06,2024-02-25,30
CHK02825,MB0056,C01,2024-05-19,90
CHK02826,MB0610,C05,2024-03-09,60
CHK02827,MB0251,C01,2024-01-06,60
CHK02828,MB0043,C05,2024-09-22,30
CHK02829,MB0571,C03,2024-07-06,45
CHK02830,MB0718,C07,2024-04-25,90
CHK02831,MB0598,C02,2024-07-31,30
CHK02832,MB0121,C07,2024-10-10,75
CHK02833,MB0367,C04,2024-08-29,45
CHK02834,MB0443,C08,2024-03-20,75
CHK02835,MB0181,C07,2024-04-23,75
CHK02836,MB0181,C05,2024-12-02,45
CHK02837,MB0508,C01,2024-06-14,30
CHK02838,MB0606,C03,2024-08-15,30
CHK02839,MB0168,C04,2024-12-04,45
CHK02840,MB0707,C04,2024-01-17,45
CHK02841,MB0355,C08,2024-08-21,30
CHK02842,MB0747,C07,2024-09-28,45
CHK02843,MB0217,C08,2024-10-26,60
CHK02844,MB0067,C01,2024-08-07,45
CHK02845,MB0732,C05,2024-03-05,30
CHK02846,MB0537,C07,2024-04-20,75
CHK02847,MB0520,C07,2024-12-09,75
CHK02848,MB0232,C01,2024-06-17,60
CHK02849,MB0430,C04,2024-09-01,45
CHK02850,MB0628,C05,2024-02-29,90
CHK02851,MB0380,C08,2024-04-30,90
CHK02852,MB0336,C03,2024-01-13,45
CHK02853,MB0282,C05,2024-09-23,90
CHK02854,MB0530,C08,2024-01-17,45
CHK02855,MB0494,C01,2024-09-02,45
CHK02856,MB0293,C07,2024-01-10,60
CHK02857,MB0680,C01,2024-08-29,30
CHK02858,MB0295,C06,2024-04-09,60
CHK02859,MB0104,C06,2024-07-20,75
CHK02860,MB0708,C04,2024-01-02,75
CHK02861,MB0158,C07,2024-08-03,45
CHK02862,MB0569,C06,2024-08-04,45
CHK02863,MB0509,C03,2024-03-16,90
CHK02864,MB0051,C04,2024-02-25,30
CHK02865,MB0484,C05,2024-05-31,45
CHK02866,MB0166,C03,2024-12-16,75
CHK02867,MB0601,C02,2024-08-12,45
CHK02868,MB0725,C01,2024-03-19,60
CHK02869,MB0593,C03,2024-07-21,45
CHK02870,MB0603,C06,2024-05-20,60
CHK02871,MB0677,C08,2024-05-05,90
CHK02872,MB0316,C08,2024-11-19,30
CHK02873,MB0004,C02,2024-04-15,30
CHK02874,MB0007,C07,2024-07-05,75
CHK02875,MB0104,C03,2024-01-16,90
CHK02876,MB0209,C08,2024-06-14,90
CHK02877,MB0408,C06,2024-12-20,75
CHK02878,MB0198,C06,2024-12-24,75
CHK02879,MB0756,C08,2024-02-21,90
CHK02880,MB0429,C03,2024-01-12,60
CHK02881,MB0033,C06,2024-10-11,75
CHK02882,MB0404,C07,2024-02-09,90
CHK02883,MB0054,C05,2024-01-21,60
CHK02884,MB0049,C04,2024-11-15,30
CHK02885,MB0579,C07,2024-03-15,90
CHK02886,MB0569,C02,2024-07-02,60
CHK02887,MB0228,C01,2024-10-08,60
CHK02888,MB0089,C03,2024-04-29,30
CHK02889,MB0495,C02,2024-08-29,60
CHK02890,MB0121,C03,2024-09-11,75
CHK02891,MB0585,C07,2024-04-19,60
CHK02892,MB0295,C03,2024-06-04,75
CHK02893,MB0102,C08,2024-05-23,30
CHK02894,MB0222,C02,2024-08-14,75
CHK02895,MB0308,C02,2024-02-04,30
CHK02896,MB0272,C05,2024-08-21,75
CHK02897,MB0763,C03,2024-01-09,45
CHK02898,MB0073,C08,2024-05-03,90
CHK02899,MB0093,C04,2024-05-21,30
CHK02900,MB0272,C08,2024-03-16,90
CHK02901,MB0732,C07,2024-10-06,90
CHK02902,MB0595,C08,2024-07-18,75
CHK02903,MB0479,C05,2024-03-26,30
CHK02904,MB0238,C01,2024-10-30,45
CHK02905,MB0409,C06,2024-05-28,60
CHK02906,MB0059,C07,2024-02-17,30
CHK02907,MB0389,C06,2024-02-16,45
CHK02908,MB0385,C01,2024-11-16,60
CHK02909,MB0786,C04,2024-12-23,60
CHK02910,MB0194,C05,2024-09-26,45
CHK02911,MB0198,C01,2024-04-14,90
CHK02912,MB0779,C02,2024-10-08,75
CHK02913,MB0719,C07,2024-12-11,30
CHK02914,MB0524,C04,2024-05-29,60
CHK02915,MB0094,C04,2024-11-23,75
CHK02916,MB0266,C06,2024-07-01,75
CHK02917,MB0563,C01,2024-10-20,75
CHK02918,MB0647,C02,2024-09-22,75
CHK02919,MB0619,C07,2024-04-17,90
CHK02920,MB0399,C03,2024-05-18,90
CHK02921,MB0211,C08,2024-09-23,45
CHK02922,MB0130,C05,2024-08-13,75
CHK02923,MB0793,C08,2024-07-01,45
CHK02924,MB0103,C07,2024-04-18,90
CHK02925,MB0192,C02,2024-05-14,45
CHK02926,MB0159,C07,2024-10-06,60
CHK02927,MB0769,C02,2024-05-24,75
CHK02928,MB0117,C08,2024-05-26,60
CHK02929,MB0713,C02,2024-08-11,60
CHK02930,MB0585,C04,2024-11-29,60
CHK02931,MB0688,C04,2024-12-20,90
CHK02932,MB0005,C03,2024-04-01,90
CHK02933,MB0649,C07,2024-08-19,75
CHK02934,MB0564,C02,2024-07-01,30
CHK02935,MB0567,C03,2024-11-20,45
CHK02936,MB0028,C03,2024-09-02,60
CHK02937,MB0088,C04,2024-09-30,75
CHK02938,MB0671,C03,2024-11-03,60
CHK02939,MB0442,C02,2024-03-21,60
CHK02940,MB0587,C03,2024-03-07,90
CHK02941,MB0661,C04,2024-12-26,60
CHK02942,MB0488,C06,2024-12-12,45
CHK02943,MB0356,C04,2024-12-26,45
CHK02944,MB0349,C01,2024-08-01,45
CHK02945,MB0768,C04,2024-02-15,45
CHK02946,MB0399,C04,2024-02-05,45
CHK02947,MB0273,C08,2024-11-04,90
CHK02948,MB0717,C01,2024-04-09,75
CHK02949,MB0725,C01,2024-03-31,60
CHK02950,MB0541,C08,2024-09-05,30
CHK02951,MB0280,C05,2024-08-22,60
CHK02952,MB0314,C03,2024-02-27,90
CHK02953,MB0009,C06,2024-06-07,45
CHK02954,MB0699,C04,2024-07-19,45
CHK02955,MB0754,C01,2024-11-21,30
CHK02956,MB0481,C05,2024-12-02,60
CHK02957,MB0226,C06,2024-05-27,30
CHK02958,MB0464,C06,2024-03-17,90
CHK02959,MB0225,C02,2024-03-23,45
CHK02960,MB0128,C07,2024-08-26,30
CHK02961,MB0199,C07,2024-12-14,60
CHK02962,MB0464,C04,2024-10-19,60
CHK02963,MB0397,C03,2024-10-31,45
CHK02964,MB0047,C04,2024-02-10,75
CHK02965,MB0268,C01,2024-07-23,60
CHK02966,MB0009,C04,2024-09-26,75
CHK02967,MB0728,C07,2024-08-06,90
CHK02968,MB0246,C01,2024-07-23,45
CHK02969,MB0143,C03,2024-02-11,75
CHK02970,MB0476,C04,2024-12-20,90
CHK02971,MB0281,C03,2024-11-13,75
CHK02972,MB0260,C08,2024-08-08,75
CHK02973,MB0680,C05,2024-08-07,30
CHK02974,MB0449,C08,2024-10-01,75
CHK02975,MB0091,C04,2024-04-08,30
CHK02976,MB0153,C02,2024-12-01,45
CHK02977,MB0529,C07,2024-01-14,75
CHK02978,MB0048,C08,2024-01-24,75
CHK02979,MB0417,C04,2024-07-11,75
CHK02980,MB0402,C08,2024-01-02,90
CHK02981,MB0100,C01,2024-09-09,75
CHK02982,MB0198,C06,2024-03-22,90
CHK02983,MB0436,C04,2024-05-28,30
CHK02984,MB0223,C08,2024-04-13,90
CHK02985,MB0577,C03,2024-02-21,45
CHK02986,MB0793,C07,2024-08-06,30
CHK02987,MB0674,C01,2024-10-09,30
CHK02988,MB0383,C04,2024-10-19,45
CHK02989,MB0756,C05,2024-07-01,90
CHK02990,MB0551,C06,2024-04-16,30
CHK02991,MB0699,C01,2024-06-06,90
CHK02992,MB0213,C06,2024-04-07,30
CHK02993,MB0640,C05,2024-03-06,45
CHK02994,MB0557,C04,2024-06-08,30
CHK02995,MB0594,C04,2024-11-29,75
CHK02996,MB0420,C01,2024-05-29,60
CHK02997,MB0413,C01,2024-06-17,90
CHK02998,MB0031,C08,2024-06-12,30
CHK02999,MB0340,C06,2024-02-06,90
CHK03000,MB0128,C01,2024-12-10,75
CHK03001,MB0781,C08,2024-08-12,45
CHK03002,MB0348,C03,2024-11-04,90
CHK03003,MB0541,C01,2024-07-01,45
CHK03004,MB0178,C07,2024-06-21,60
CHK03005,MB0247,C03,2024-05-07,90
CHK03006,MB0539,C01,2024-10-07,90
CHK03007,MB0521,C08,2024-06-08,60
CHK03008,MB0021,C07,2024-09-03,90
CHK03009,MB0314,C07,2024-12-17,60
CHK03010,MB0280,C02,2024-05-12,90
CHK03011,MB0091,C03,2024-11-27,75
CHK03012,MB0339,C02,2024-11-17,30
CHK03013,MB0727,C01,2024-05-24,30
CHK03014,MB0598,C08,2024-09-03,90
CHK03015,MB0270,C06,2024-02-01,30
CHK03016,MB0594,C06,2024-07-30,60
CHK03017,MB0194,C06,2024-08-03,60
CHK03018,MB0298,C03,2024-03-02,45
CHK03019,MB0460,C01,2024-06-27,30
CHK03020,MB0224,C02,2024-08-23,90
CHK03021,MB0516,C01,2024-10-14,45
CHK03022,MB0577,C04,2024-08-09,90
CHK03023,MB0009,C08,2024-07-29,30
CHK03024,MB0327,C01,2024-05-29,75
CHK03025,MB0782,C06,2024-05-04,30
CHK03026,MB0303,C01,2024-08-07,90
CHK03027,MB0327,C04,2024-02-18,90
CHK03028,MB0347,C02,2024-04-23,45
CHK03029,MB0677,C07,2024-06-22,30
CHK03030,MB0166,C04,2024-12-10,30
CHK03031,MB0511,C04,2024-09-15,60
CHK03032,MB0505,C06,2024-08-24,90
CHK03033,MB0064,C08,2024-11-11,45
CHK03034,MB0574,C02,2024-01-09,75
CHK03035,MB0549,C07,2024-03-01,30
CHK03036,MB0713,C02,2024-07-01,60
CHK03037,MB0437,C01,2024-06-14,90
CHK03038,MB0001,C04,2024-11-01,90
CHK03039,MB0159,C01,2024-07-27,90
CHK03040,MB0644,C02,2024-10-03,60
CHK03041,MB0231,C01,2024-10-31,30
CHK03042,MB0057,C03,2024-01-07,60
CHK03043,MB0008,C01,2024-11-07,90
CHK03044,MB0566,C06,2024-11-15,75
CHK03045,MB0761,C07,2024-12-28,45
CHK03046,MB0309,C03,2024-09-23,45
CHK03047,MB0067,C08,2024-03-19,90
CHK03048,MB0082,C04,2024-02-10,30
CHK03049,MB0394,C05,2024-07-03,75
CHK03050,MB0658,C01,2024-03-12,30
CHK03051,MB0635,C07,2024-01-14,90
CHK03052,MB0441,C04,2024-11-24,30
CHK03053,MB0349,C05,2024-05-19,45
CHK03054,MB0353,C07,2024-07-21,75
CHK03055,MB0140,C07,2024-11-02,90
CHK03056,MB0794,C04,2024-06-27,45
CHK03057,MB0072,C01,2024-06-27,60
CHK03058,MB0130,C06,2024-08-26,60
CHK03059,MB0766,C07,2024-09-07,45
CHK03060,MB0640,C06,2024-07-24,30
CHK03061,MB0665,C07,2024-03-23,90
CHK03062,MB0397,C01,2024-11-04,45
CHK03063,MB0053,C06,2024-03-31,75
CHK03064,MB0146,C03,2024-08-17,90
CHK03065,MB0581,C03,2024-02-22,30
CHK03066,MB0053,C02,2024-08-28,45
CHK03067,MB0214,C05,2024-06-07,90
CHK03068,MB0789,C07,2024-05-07,90
CHK03069,MB0363,C02,2024-11-04,75
CHK03070,MB0407,C03,2024-08-15,60
CHK03071,MB0764,C05,2024-08-09,30
CHK03072,MB0511,C08,2024-09-17,30
CHK03073,MB0161,C06,2024-05-14,90
CHK03074,MB0067,C01,2024-07-12,60
CHK03075,MB0480,C03,2024-10-18,30
CHK03076,MB0136,C08,2024-11-27,45
CHK03077,MB0579,C03,2024-06-07,45
CHK03078,MB0200,C06,2024-11-19,75
CHK03079,MB0061,C06,2024-08-16,60
CHK03080,MB0736,C07,2024-08-01,45
CHK03081,MB0296,C08,2024-06-13,90
CHK03082,MB0689,C02,2024-06-02,75
CHK03083,MB0264,C07,2024-02-02,75
CHK03084,MB0653,C01,2024-08-03,75
CHK03085,MB0222,C04,2024-04-08,30
CHK03086,MB0589,C08,2024-12-16,45
CHK03087,MB0567,C06,2024-11-02,30
CHK03088,MB0757,C01,2024-01-16,60
CHK03089,MB0421,C03,2024-12-02,75
CHK03090,MB0713,C05,2024-03-08,60
CHK03091,MB0255,C06,2024-10-01,30
CHK03092,MB0078,C08,2024-07-08,90
CHK03093,MB0389,C02,2024-08-02,30
CHK03094,MB0339,C01,2024-07-30,45
CHK03095,MB0571,C06,2024-04-17,30
CHK03096,MB0300,C06,2024-08-19,60
CHK03097,MB0297,C07,2024-12-22,30
CHK03098,MB0056,C08,2024-05-27,60
CHK03099,MB0067,C06,2024-12-18,45
CHK03100,MB0071,C03,2024-09-23,60
CHK03101,MB0593,C07,2024-03-05,75
CHK03102,MB0267,C08,2024-04-15,90
CHK03103,MB0061,C07,2024-07-10,30
CHK03104,MB0147,C02,2024-09-10,75
CHK03105,MB0319,C01,2024-04-29,60
CHK03106,MB0565,C08,2024-12-16,30
CHK03107,MB0742,C06,2024-04-02,90
CHK03108,MB0189,C03,2024-08-17,60
CHK03109,MB0725,C02,2024-08-30,90
CHK03110,MB0528,C01,2024-06-23,30
CHK03111,MB0103,C07,2024-05-08,30
CHK03112,MB0445,C04,2024-02-24,90
CHK03113,MB0636,C07,2024-01-18,45
CHK03114,MB0407,C01,2024-12-23,75
CHK03115,MB0129,C03,2024-12-14,30
CHK03116,MB0147,C07,2024-12-16,75
CHK03117,MB0726,C06,2024-11-16,90
CHK03118,MB0145,C04,2024-09-05,45
CHK03119,MB0047,C07,2024-10-27,45
CHK03120,MB0695,C08,2024-06-11,45
CHK03121,MB0766,C07,2024-04-30,75
CHK03122,MB0505,C07,2024-10-23,30
CHK03123,MB0384,C06,2024-06-22,75
CHK03124,MB0415,C05,2024-04-23,60
CHK03125,MB0100,C01,2024-06-18,30
CHK03126,MB0554,C03,2024-09-28,60
CHK03127,MB0113,C03,2024-03-18,30
CHK03128,MB0095,C07,2024-06-13,75
CHK03129,MB0378,C02,2024-10-24,45
CHK03130,MB0350,C03,2024-11-03,75
CHK03131,MB0221,C06,2024-12-01,60
CHK03132,MB0386,C07,2024-04-17,75
CHK03133,MB0062,C01,2024-02-16,90
CHK03134,MB0246,C02,2024-12-01,45
CHK03135,MB0006,C06,2024-12-31,45
CHK03136,MB0313,C05,2024-04-06,60
CHK03137,MB0451,C04,2024-10-12,90
CHK03138,MB0800,C01,2024-06-04,75
CHK03139,MB0488,C03,2024-04-14,75
CHK03140,MB0039,C01,2024-12-27,75
CHK03141,MB0766,C05,2024-08-07,75
CHK03142,MB0740,C06,2024-01-22,75
CHK03143,MB0012,C06,2024-09-24,75
CHK03144,MB0479,C02,2024-01-08,60
CHK03145,MB0775,C02,2024-03-13,75
CHK03146,MB0194,C07,2024-05-04,75
CHK03147,MB0610,C01,2024-12-29,75
CHK03148,MB0707,C06,2024-03-04,60
CHK03149,MB0203,C04,2024-08-29,30
CHK03150,MB0742,C01,2024-11-17,90
CHK03151,MB0372,C04,2024-08-28,75
CHK03152,MB0377,C01,2024-04-14,75
CHK03153,MB0445,C06,2024-11-13,75
CHK03154,MB0724,C08,2024-05-01,45
CHK03155,MB0206,C06,2024-01-25,45
CHK03156,MB0166,C08,2024-12-09,90
CHK03157,MB0498,C03,2024-07-25,30
CHK03158,MB0694,C06,2024-03-07,90
CHK03159,MB0327,C02,2024-04-29,45
CHK03160,MB0565,C05,2024-05-11,30
CHK03161,MB0732,C05,2024-07-16,60
CHK03162,MB0386,C01,2024-10-27,90
CHK03163,MB0334,C03,2024-06-20,45
CHK03164,MB0743,C06,2024-10-24,60
CHK03165,MB0203,C05,2024-09-22,60
CHK03166,MB0732,C01,2024-10-21,90
CHK03167,MB0619,C01,2024-10-13,75
CHK03168,MB0784,C07,2024-06-29,45
CHK03169,MB0067,C02,2024-09-07,30
CHK03170,MB0292,C06,2024-02-22,60
CHK03171,MB0623,C06,2024-07-11,90
CHK03172,MB0197,C05,2024-09-07,30
CHK03173,MB0117,C08,2024-12-19,60
CHK03174,MB0287,C06,2024-01-26,30
CHK03175,MB0758,C03,2024-02-22,60
CHK03176,MB0373,C02,2024-07-02,90
CHK03177,MB0579,C02,2024-08-15,45
CHK03178,MB0731,C08,2024-06-23,75
CHK03179,MB0100,C08,2024-09-27,75
CHK03180,MB0124,C05,2024-05-16,45
CHK03181,MB0784,C04,2024-06-27,45
CHK03182,MB0356,C07,2024-07-06,75
CHK03183,MB0602,C06,2024-11-17,90
CHK03184,MB0142,C06,2024-12-25,30
CHK03185,MB0044,C02,2024-02-06,60
CHK03186,MB0192,C01,2024-10-16,75
CHK03187,MB0181,C07,2024-05-10,60
CHK03188,MB0556,C01,2024-08-08,45
CHK03189,MB0382,C05,2024-09-21,45
CHK03190,MB0565,C01,2024-06-14,45
CHK03191,MB0770,C03,2024-10-02,60
CHK03192,MB0236,C02,2024-06-24,75
CHK03193,MB0525,C08,2024-10-07,75
CHK03194,MB0304,C06,2024-09-29,75
CHK03195,MB0774,C08,2024-02-16,75
CHK03196,MB0564,C03,2024-04-04,75
CHK03197,MB0156,C07,2024-12-17,60
CHK03198,MB0544,C01,2024-09-27,90
CHK03199,MB0197,C01,2024-04-01,30
CHK03200,MB0301,C01,2024-05-08,90
CHK03201,MB0246,C06,2024-09-07,30
CHK03202,MB0578,C08,2024-02-06,60
CHK03203,MB0651,C01,2024-08-08,30
CHK03204,MB0544,C01,2024-05-28,60
CHK03205,MB0142,C02,2024-07-24,90
CHK03206,MB0544,C06,2024-06-29,30
CHK03207,MB0521,C04,2024-09-10,90
CHK03208,MB0198,C08,2024-04-16,75
CHK03209,MB0169,C08,2024-12-15,90
CHK03210,MB0737,C08,2024-08-08,30
CHK03211,MB0491,C05,2024-02-22,30
CHK03212,MB0256,C04,2024-10-09,45
CHK03213,MB0077,C08,2024-07-27,75
CHK03214,MB0689,C06,2024-02-27,45
CHK03215,MB0105,C01,2024-07-28,90
CHK03216,MB0754,C05,2024-02-04,75
CHK03217,MB0254,C08,2024-09-24,30
CHK03218,MB0477,C02,2024-07-03,30
CHK03219,MB0730,C05,2024-06-13,90
CHK03220,MB0644,C01,2024-08-01,90
CHK03221,MB0128,C08,2024-04-15,60
CHK03222,MB0307,C06,2024-11-11,90
CHK03223,MB0733,C04,2024-02-05,60
CHK03224,MB0530,C04,2024-06-26,45
CHK03225,MB0421,C04,2024-07-15,30
CHK03226,MB0589,C04,2024-08-23,30
CHK03227,MB0747,C01,2024-12-05,45
CHK03228,MB0267,C03,2024-05-24,60
CHK03229,MB0200,C05,2024-09-13,90
CHK03230,MB0132,C06,2024-05-04,90
CHK03231,MB0650,C03,2024-06-27,30
CHK03232,MB0579,C05,2024-08-31,90
CHK03233,MB0294,C05,2024-11-12,30
CHK03234,MB0468,C02,2024-11-09,45
CHK03235,MB0535,C03,2024-11-13,45
CHK03236,MB0158,C05,2024-10-18,75
CHK03237,MB0419,C03,2024-05-05,90
CHK03238,MB0351,C08,2024-10-11,90
CHK03239,MB0082,C08,2024-03-17,75
CHK03240,MB0673,C08,2024-08-12,30
CHK03241,MB0743,C02,2024-10-08,75
CHK03242,MB0102,C04,2024-11-01,45
CHK03243,MB0045,C03,2024-05-26,45
CHK03244,MB0613,C06,2024-10-23,60
CHK03245,MB0099,C04,2024-11-06,60
CHK03246,MB0626,C03,2024-02-29,30
CHK03247,MB0202,C07,2024-09-18,30
CHK03248,MB0164,C07,2024-06-04,90
CHK03249,MB0187,C03,2024-07-20,45
CHK03250,MB0090,C02,2024-12-11,60
CHK03251,MB0120,C03,2024-06-08,90
CHK03252,MB0407,C05,2024-03-01,75
CHK03253,MB0712,C03,2024-10-11,30
CHK03254,MB0016,C08,2024-09-19,75
CHK03255,MB0534,C03,2024-12-01,75
CHK03256,MB0367,C05,2024-03-02,30
CHK03257,MB0248,C05,2024-08-13,45
CHK03258,MB0410,C02,2024-06-02,30
CHK03259,MB0003,C07,2024-02-22,30
CHK03260,MB0665,C07,2024-05-14,90
CHK03261,MB0674,C08,2024-07-19,90
CHK03262,MB0735,C05,2024-12-10,75
CHK03263,MB0068,C04,2024-10-25,45
CHK03264,MB0781,C06,2024-10-25,60
CHK03265,MB0606,C01,2024-01-19,75
CHK03266,MB0747,C05,2024-07-03,90
CHK03267,MB0156,C05,2024-08-01,30
CHK03268,MB0381,C01,2024-07-07,90
CHK03269,MB0541,C07,2024-03-17,90
CHK03270,MB0657,C03,2024-02-21,75
CHK03271,MB0400,C01,2024-07-05,90
CHK03272,MB0370,C01,2024-06-11,60
CHK03273,MB0035,C01,2024-12-30,75
CHK03274,MB0275,C08,2024-07-24,60
CHK03275,MB0234,C01,2024-11-03,60
CHK03276,MB0570,C04,2024-06-29,60
CHK03277,MB0159,C05,2024-06-23,45
CHK03278,MB0062,C07,2024-01-07,75
CHK03279,MB0109,C01,2024-05-21,75
CHK03280,MB0782,C02,2024-05-19,75
CHK03281,MB0565,C02,2024-08-27,30
CHK03282,MB0400,C01,2024-07-05,90
CHK03283,MB0698,C02,2024-06-17,30
CHK03284,MB0123,C05,2024-10-30,75
CHK03285,MB0700,C08,2024-04-09,45
CHK03286,MB0392,C06,2024-10-12,60
CHK03287,MB0076,C08,2024-05-27,90
CHK03288,MB0425,C08,2024-06-14,90
CHK03289,MB0757,C07,2024-09-16,75
CHK03290,MB0800,C04,2024-02-25,30
CHK03291,MB0198,C02,2024-10-25,90
CHK03292,MB0725,C02,2024-01-29,75
CHK03293,MB0321,C03,2024-09-29,90
CHK03294,MB0574,C05,2024-07-07,75
CHK03295,MB0136,C06,2024-02-05,30
CHK03296,MB0007,C02,2024-05-04,45
CHK03297,MB0356,C03,2024-05-20,75
CHK03298,MB0746,C08,2024-07-20,60
CHK03299,MB0711,C06,2024-10-15,60
CHK03300,MB0466,C08,2024-07-23,90
CHK03301,MB0100,C07,2024-12-08,90
CHK03302,MB0363,C04,2024-12-16,60
CHK03303,MB0624,C08,2024-07-12,90
CHK03304,MB0085,C01,2024-08-01,45
CHK03305,MB0662,C05,2024-04-02,45
CHK03306,MB0608,C01,2024-10-28,60
CHK03307,MB0043,C04,2024-12-05,30
CHK03308,MB0587,C06,2024-03-08,60
CHK03309,MB0496,C07,2024-12-29,90
CHK03310,MB0350,C02,2024-11-08,90
CHK03311,MB0742,C03,2024-10-11,90
CHK03312,MB0695,C03,2024-04-19,45
CHK03313,MB0728,C05,2024-07-14,30
CHK03314,MB0404,C03,2024-05-22,75
CHK03315,MB0687,C03,2024-07-06,45
CHK03316,MB0740,C06,2024-11-15,90
CHK03317,MB0010,C07,2024-07-21,45
CHK03318,MB0567,C08,2024-11-30,60
CHK03319,MB0671,C06,2024-08-15,45
CHK03320,MB0350,C02,2024-06-26,45
CHK03321,MB0148,C05,2024-06-05,90
CHK03322,MB0287,C01,2024-04-06,90
CHK03323,MB0118,C06,2024-09-01,30
CHK03324,MB0621,C07,2024-12-27,45
CHK03325,MB0415,C04,2024-06-12,60
CHK03326,MB0169,C05,2024-08-07,30
CHK03327,MB0793,C03,2024-02-08,75
CHK03328,MB0277,C05,2024-08-19,90
CHK03329,MB0296,C06,2024-08-13,75
CHK03330,MB0397,C04,2024-06-20,45
CHK03331,MB0619,C04,2024-08-09,45
CHK03332,MB0670,C06,2024-11-28,75
CHK03333,MB0041,C04,2024-03-24,30
CHK03334,MB0306,C08,2024-04-27,60
CHK03335,MB0476,C03,2024-02-19,60
CHK03336,MB0351,C06,2024-05-04,90
CHK03337,MB0369,C05,2024-10-15,90
CHK03338,MB0434,C07,2024-08-30,60
CHK03339,MB0083,C07,2024-03-23,90
CHK03340,MB0316,C03,2024-07-26,75
CHK03341,MB0223,C08,2024-07-13,45
CHK03342,MB0197,C05,2024-01-02,75
CHK03343,MB0645,C07,2024-12-04,60
CHK03344,MB0698,C05,2024-01-04,30
CHK03345,MB0190,C01,2024-09-16,45
CHK03346,MB0442,C01,2024-03-20,60
CHK03347,MB0408,C03,2024-11-13,45
CHK03348,MB0503,C08,2024-12-05,90
CHK03349,MB0437,C04,2024-05-15,60
CHK03350,MB0667,C03,2024-11-12,90
CHK03351,MB0281,C03,2024-07-17,45
CHK03352,MB0153,C08,2024-11-16,90
CHK03353,MB0749,C06,2024-02-14,90
CHK03354,MB0360,C02,2024-11-12,30
CHK03355,MB0324,C06,2024-09-01,60
CHK03356,MB0636,C02,2024-12-14,75
CHK03357,MB0658,C07,2024-11-19,60
CHK03358,MB0180,C01,2024-05-21,60
CHK03359,MB0422,C02,2024-06-16,90
CHK03360,MB0406,C02,2024-01-11,60
CHK03361,MB0062,C07,2024-03-08,30
CHK03362,MB0468,C07,2024-07-21,30
CHK03363,MB0521,C06,2024-03-30,75
CHK03364,MB0052,C07,2024-06-05,90
CHK03365,MB0649,C02,2024-09-22,90
CHK03366,MB0310,C08,2024-02-25,30
CHK03367,MB0409,C04,2024-11-19,60
CHK03368,MB0314,C05,2024-01-17,60
CHK03369,MB0591,C04,2024-02-01,90
CHK03370,MB0432,C03,2024-12-03,75
CHK03371,MB0216,C08,2024-01-27,45
CHK03372,MB0481,C02,2024-03-05,45
CHK03373,MB0298,C08,2024-03-16,60
CHK03374,MB0053,C06,2024-07-06,90
CHK03375,MB0642,C06,2024-12-18,30
CHK03376,MB0046,C07,2024-10-20,60
CHK03377,MB0158,C05,2024-04-23,60
CHK03378,MB0242,C07,2024-10-12,75
CHK03379,MB0756,C08,2024-06-03,45
CHK03380,MB0050,C01,2024-12-21,90
CHK03381,MB0152,C05,2024-12-01,45
CHK03382,MB0159,C08,2024-09-22,60
CHK03383,MB0396,C06,2024-05-03,45
CHK03384,MB0204,C02,2024-02-19,90
CHK03385,MB0639,C06,2024-08-01,30
CHK03386,MB0135,C08,2024-07-01,75
CHK03387,MB0421,C04,2024-10-03,75
CHK03388,MB0357,C04,2024-04-19,60
CHK03389,MB0070,C04,2024-08-14,30
CHK03390,MB0534,C04,2024-12-25,60
CHK03391,MB0634,C02,2024-07-11,45
CHK03392,MB0079,C05,2024-07-14,90
CHK03393,MB0765,C05,2024-04-02,75
CHK03394,MB0207,C06,2024-12-13,60
CHK03395,MB0039,C04,2024-05-07,75
CHK03396,MB0692,C04,2024-07-31,45
CHK03397,MB0538,C02,2024-08-23,45
CHK03398,MB0442,C07,2024-09-24,75
CHK03399,MB0291,C05,2024-02-21,60
CHK03400,MB0083,C03,2024-06-04,90
CHK03401,MB0344,C08,2024-07-26,30
CHK03402,MB0498,C03,2024-07-02,75
CHK03403,MB0432,C01,2024-04-16,90
CHK03404,MB0353,C07,2024-08-29,30
CHK03405,MB0681,C03,2024-09-11,30
CHK03406,MB0010,C03,2024-12-10,60
CHK03407,MB0084,C03,2024-07-16,60
CHK03408,MB0182,C03,2024-07-11,45
CHK03409,MB0645,C07,2024-03-22,60
CHK03410,MB0047,C06,2024-11-13,30
CHK03411,MB0509,C07,2024-11-23,45
CHK03412,MB0724,C01,2024-08-03,90
CHK03413,MB0363,C08,2024-05-15,75
CHK03414,MB0614,C02,2024-10-19,30
CHK03415,MB0021,C05,2024-12-27,75
CHK03416,MB0231,C05,2024-06-28,90
CHK03417,MB0471,C03,2024-02-27,90
CHK03418,MB0703,C01,2024-11-04,45
CHK03419,MB0466,C02,2024-01-06,45
CHK03420,MB0352,C05,2024-03-10,30
CHK03421,MB0592,C08,2024-01-12,45
CHK03422,MB0411,C05,2024-11-15,60
CHK03423,MB0313,C01,2024-07-25,60
CHK03424,MB0597,C06,2024-06-05,45
CHK03425,MB0707,C01,2024-08-14,90
CHK03426,MB0611,C03,2024-07-01,90
CHK03427,MB0443,C06,2024-03-12,30
CHK03428,MB0575,C07,2024-02-09,60
CHK03429,MB0766,C08,2024-05-10,60
CHK03430,MB0485,C03,2024-08-30,90
CHK03431,MB0401,C07,2024-07-11,45
CHK03432,MB0250,C05,2024-02-24,75
CHK03433,MB0128,C02,2024-01-03,75
CHK03434,MB0688,C06,2024-08-06,60
CHK03435,MB0319,C03,2024-10-05,90
CHK03436,MB0059,C04,2024-10-02,30
CHK03437,MB0160,C07,2024-02-21,60
CHK03438,MB0576,C03,2024-06-23,60
CHK03439,MB0132,C01,2024-10-03,30
CHK03440,MB0599,C06,2024-10-17,60
CHK03441,MB0768,C05,2024-04-09,75
CHK03442,MB0152,C02,2024-08-17,45
CHK03443,MB0131,C04,2024-04-20,30
CHK03444,MB0311,C03,2024-10-04,45
CHK03445,MB0008,C04,2024-11-23,30
CHK03446,MB0736,C03,2024-09-27,30
CHK03447,MB0392,C04,2024-04-17,75
CHK03448,MB0759,C02,2024-12-05,45
CHK03449,MB0288,C05,2024-01-31,90
CHK03450,MB0189,C02,2024-02-01,75
CHK03451,MB0074,C04,2024-06-07,30
CHK03452,MB0113,C02,2024-10-24,75
CHK03453,MB0342,C07,2024-05-24,45
CHK03454,MB0431,C07,2024-08-31,30
CHK03455,MB0066,C01,2024-04-03,45
CHK03456,MB0638,C01,2024-01-20,75
CHK03457,MB0408,C01,2024-11-14,90
CHK03458,MB0334,C02,2024-03-26,75
CHK03459,MB0639,C07,2024-04-14,60
CHK03460,MB0136,C04,2024-10-14,60
CHK03461,MB0224,C07,2024-09-10,45
CHK03462,MB0251,C08,2024-04-30,60
CHK03463,MB0776,C01,2024-07-19,60
CHK03464,MB0315,C02,2024-01-09,75
CHK03465,MB0392,C08,2024-05-20,60
CHK03466,MB0080,C04,2024-05-28,30
CHK03467,MB0433,C07,2024-01-19,30
CHK03468,MB0419,C08,2024-01-16,60
CHK03469,MB0041,C08,2024-02-24,75
CHK03470,MB0695,C04,2024-09-16,30
CHK03471,MB0412,C08,2024-05-12,30
CHK03472,MB0264,C02,2024-05-20,75
CHK03473,MB0047,C07,2024-08-26,90
CHK03474,MB0557,C08,2024-09-01,90
CHK03475,MB0242,C08,2024-11-11,90
CHK03476,MB0520,C04,2024-04-16,60
CHK03477,MB0613,C03,2024-04-17,90
CHK03478,MB0302,C05,2024-03-19,45
CHK03479,MB0423,C05,2024-05-06,45
CHK03480,MB0446,C04,2024-02-14,30
CHK03481,MB0285,C01,2024-09-20,30
CHK03482,MB0657,C02,2024-11-20,60
CHK03483,MB0502,C08,2024-05-23,45
CHK03484,MB0455,C07,2024-10-16,30
CHK03485,MB0244,C07,2024-08-20,60
CHK03486,MB0256,C06,2024-06-05,30
CHK03487,MB0134,C01,2024-06-30,30
CHK03488,MB0535,C05,2024-11-03,90
CHK03489,MB0725,C03,2024-01-04,60
CHK03490,MB0544,C02,2024-10-04,60
CHK03491,MB0522,C04,2024-08-26,60
CHK03492,MB0691,C02,2024-12-12,45
CHK03493,MB0624,C02,2024-08-15,30
CHK03494,MB0365,C01,2024-08-02,45
CHK03495,MB0690,C06,2024-06-23,45
CHK03496,MB0011,C08,2024-07-28,30
CHK03497,MB0723,C02,2024-08-27,75
CHK03498,MB0412,C01,2024-08-19,75
CHK03499,MB0227,C04,2024-08-12,75
CHK03500,MB0004,C04,2024-08-06,90
CHK03501,MB0251,C04,2024-11-13,45
CHK03502,MB0312,C03,2024-07-01,90
CHK03503,MB0721,C03,2024-01-25,90
CHK03504,MB0454,C08,2024-12-12,60
CHK03505,MB0654,C06,2024-06-02,75
CHK03506,MB0006,C04,2024-06-25,30
CHK03507,MB0254,C01,2024-10-03,30
CHK03508,MB0090,C03,2024-02-01,75
CHK03509,MB0294,C07,2024-04-05,90
CHK03510,MB0517,C04,2024-03-30,45
CHK03511,MB0696,C02,2024-12-23,75
CHK03512,MB0284,C03,2024-03-06,60
CHK03513,MB0183,C02,2024-07-06,75
CHK03514,MB0052,C06,2024-07-29,30
CHK03515,MB0092,C08,2024-10-27,90
CHK03516,MB0064,C03,2024-11-09,60
CHK03517,MB0081,C03,2024-10-17,90
CHK03518,MB0687,C08,2024-02-29,30
CHK03519,MB0424,C03,2024-03-07,30
CHK03520,MB0774,C06,2024-07-13,45
CHK03521,MB0445,C02,2024-07-03,60
CHK03522,MB0194,C07,2024-12-21,90
CHK03523,MB0144,C05,2024-12-02,90
CHK03524,MB0480,C08,2024-11-09,30
CHK03525,MB0295,C06,2024-09-01,45
CHK03526,MB0560,C03,2024-07-30,30
CHK03527,MB0612,C03,2024-11-17,75
CHK03528,MB0194,C06,2024-05-02,75
CHK03529,MB0308,C07,2024-12-29,45
CHK03530,MB0469,C08,2024-10-18,90
CHK03531,MB0711,C03,2024-09-01,90
CHK03532,MB0023,C01,2024-03-05,90
CHK03533,MB0744,C02,2024-10-21,60
CHK03534,MB0223,C08,2024-07-23,60
CHK03535,MB0487,C04,2024-09-02,45
CHK03536,MB0701,C07,2024-08-27,45
CHK03537,MB0250,C04,2024-11-17,75
CHK03538,MB0788,C01,2024-05-16,60
CHK03539,MB0589,C04,2024-03-24,60
CHK03540,MB0531,C06,2024-03-19,75
CHK03541,MB0571,C04,2024-09-01,90
CHK03542,MB0541,C08,2024-04-30,30
CHK03543,MB0790,C05,2024-07-03,30
CHK03544,MB0241,C04,2024-06-18,30
CHK03545,MB0610,C05,2024-06-13,75
CHK03546,MB0275,C03,2024-10-02,75
CHK03547,MB0242,C03,2024-05-25,45
CHK03548,MB0319,C08,2024-08-28,75
CHK03549,MB0767,C08,2024-04-25,90
CHK03550,MB0552,C03,2024-06-20,45
CHK03551,MB0193,C01,2024-12-11,90
CHK03552,MB0202,C03,2024-02-26,60
CHK03553,MB0528,C05,2024-09-18,75
CHK03554,MB0726,C01,2024-09-22,90
CHK03555,MB0188,C06,2024-06-07,30
CHK03556,MB0641,C07,2024-04-18,75
CHK03557,MB0545,C04,2024-10-20,75
CHK03558,MB0027,C06,2024-02-12,60
CHK03559,MB0024,C03,2024-02-25,30
CHK03560,MB0658,C03,2024-05-05,45
CHK03561,MB0626,C06,2024-05-02,30
CHK03562,MB0141,C04,2024-02-05,45
CHK03563,MB0109,C08,2024-05-25,60
CHK03564,MB0533,C04,2024-07-06,30
CHK03565,MB0230,C05,2024-02-21,60
CHK03566,MB0543,C05,2024-05-20,30
CHK03567,MB0263,C05,2024-10-31,45
CHK03568,MB0336,C01,2024-05-28,30
CHK03569,MB0340,C07,2024-08-08,90
CHK03570,MB0364,C01,2024-10-07,30
CHK03571,MB0474,C06,2024-07-02,90
CHK03572,MB0230,C05,2024-01-05,75
CHK03573,MB0433,C04,2024-09-26,45
CHK03574,MB0675,C04,2024-03-04,45
CHK03575,MB0287,C03,2024-08-29,75
CHK03576,MB0659,C05,2024-03-29,75
CHK03577,MB0529,C02,2024-11-23,45
CHK03578,MB0073,C06,2024-03-23,90
CHK03579,MB0092,C01,2024-08-07,75
CHK03580,MB0019,C08,2024-03-24,75
CHK03581,MB0448,C03,2024-02-15,30
CHK03582,MB0771,C05,2024-05-12,60
CHK03583,MB0566,C08,2024-08-18,30
CHK03584,MB0392,C05,2024-06-12,75
CHK03585,MB0502,C07,2024-10-13,75
CHK03586,MB0676,C08,2024-02-23,90
CHK03587,MB0569,C02,2024-05-12,75
CHK03588,MB0655,C01,2024-04-09,30
CHK03589,MB0004,C02,2024-06-25,30
CHK03590,MB0078,C01,2024-11-26,60
CHK03591,MB0730,C06,2024-01-08,90
CHK03592,MB0427,C08,2024-05-31,30
CHK03593,MB0174,C03,2024-02-09,60
CHK03594,MB0353,C05,2024-08-29,45
CHK03595,MB0316,C03,2024-05-26,75
CHK03596,MB0176,C06,2024-07-22,60
CHK03597,MB0309,C06,2024-07-08,90
CHK03598,MB0678,C08,2024-03-07,30
CHK03599,MB0605,C04,2024-06-30,75
CHK03600,MB0799,C02,2024-10-06,90
CHK03601,MB0533,C05,2024-09-19,90
CHK03602,MB0134,C05,2024-04-21,45
CHK03603,MB0237,C05,2024-10-28,30
CHK03604,MB0756,C08,2024-03-13,60
CHK03605,MB0631,C06,2024-12-18,90
CHK03606,MB0011,C04,2024-05-22,90
CHK03607,MB0706,C04,2024-08-01,30
CHK03608,MB0085,C02,2024-03-03,90
CHK03609,MB0277,C05,2024-11-29,30
CHK03610,MB0044,C08,2024-10-19,60
CHK03611,MB0728,C06,2024-12-22,75
CHK03612,MB0507,C08,2024-04-03,45
CHK03613,MB0765,C04,2024-11-22,75
CHK03614,MB0082,C03,2024-05-06,30
CHK03615,MB0121,C01,2024-06-09,45
CHK03616,MB0081,C03,2024-11-24,30
CHK03617,MB0577,C06,2024-05-02,30
CHK03618,MB0239,C05,2024-06-18,45
CHK03619,MB0380,C04,2024-11-10,75
CHK03620,MB0725,C02,2024-08-25,30
CHK03621,MB0668,C05,2024-03-17,45
CHK03622,MB0292,C05,2024-04-26,45
CHK03623,MB0184,C04,2024-02-24,90
CHK03624,MB0478,C05,2024-04-20,90
CHK03625,MB0119,C06,2024-01-25,90
CHK03626,MB0723,C04,2024-02-16,90
CHK03627,MB0550,C01,2024-11-06,30
CHK03628,MB0242,C07,2024-03-26,45
CHK03629,MB0206,C01,2024-07-16,30
CHK03630,MB0675,C02,2024-04-03,90
CHK03631,MB0445,C04,2024-07-28,30
CHK03632,MB0302,C04,2024-11-16,90
CHK03633,MB0725,C07,2024-01-19,75
CHK03634,MB0165,C03,2024-06-09,30
CHK03635,MB0183,C06,2024-05-09,45
CHK03636,MB0310,C04,2024-03-13,90
CHK03637,MB0487,C05,2024-07-23,60
CHK03638,MB0461,C02,2024-06-21,30
CHK03639,MB0387,C03,2024-08-30,90
CHK03640,MB0014,C06,2024-10-22,90
CHK03641,MB0422,C05,2024-11-22,45
CHK03642,MB0263,C05,2024-03-19,30
CHK03643,MB0017,C07,2024-07-22,30
CHK03644,MB0348,C04,2024-01-09,45
CHK03645,MB0604,C01,2024-02-04,30
CHK03646,MB0088,C02,2024-06-09,45
CHK03647,MB0108,C03,2024-01-16,60
CHK03648,MB0546,C08,2024-08-28,75
CHK03649,MB0222,C04,2024-11-24,30
CHK03650,MB0371,C04,2024-03-22,60
CHK03651,MB0140,C04,2024-06-12,75
CHK03652,MB0384,C06,2024-04-20,90
CHK03653,MB0658,C04,2024-03-26,45
CHK03654,MB0762,C07,2024-02-14,30
CHK03655,MB0092,C01,2024-10-31,90
CHK03656,MB0611,C02,2024-12-02,90
CHK03657,MB0008,C08,2024-07-05,90
CHK03658,MB0224,C03,2024-05-31,60
CHK03659,MB0226,C06,2024-11-14,75
CHK03660,MB0687,C08,2024-09-01,45
CHK03661,MB0368,C02,2024-10-02,30
CHK03662,MB0454,C04,2024-07-05,30
CHK03663,MB0567,C08,2024-01-23,60
CHK03664,MB0184,C06,2024-10-11,75
CHK03665,MB0385,C03,2024-06-26,45
CHK03666,MB0744,C04,2024-06-17,45
CHK03667,MB0420,C02,2024-12-17,45
CHK03668,MB0727,C06,2024-10-23,75
CHK03669,MB0101,C01,2024-11-04,60
CHK03670,MB0020,C07,2024-09-30,45
CHK03671,MB0478,C03,2024-09-18,60
CHK03672,MB0105,C05,2024-06-30,60
CHK03673,MB0654,C07,2024-10-26,90
CHK03674,MB0782,C02,2024-02-06,75
CHK03675,MB0365,C04,2024-04-13,30
CHK03676,MB0101,C07,2024-02-26,60
CHK03677,MB0135,C01,2024-04-17,90
CHK03678,MB0254,C03,2024-11-06,45
CHK03679,MB0037,C02,2024-09-05,75
CHK03680,MB0524,C05,2024-05-22,60
CHK03681,MB0686,C04,2024-06-17,30
CHK03682,MB0715,C08,2024-12-10,75
CHK03683,MB0003,C07,2024-01-10,30
CHK03684,MB0494,C03,2024-12-18,75
CHK03685,MB0616,C06,2024-10-31,30
CHK03686,MB0741,C05,2024-05-03,90
CHK03687,MB0690,C02,2024-09-09,75
CHK03688,MB0476,C04,2024-03-26,90
CHK03689,MB0316,C04,2024-12-31,30
CHK03690,MB0703,C01,2024-05-18,60
CHK03691,MB0149,C04,2024-09-04,30
CHK03692,MB0559,C01,2024-08-10,90
CHK03693,MB0436,C04,2024-07-16,45
CHK03694,MB0165,C08,2024-08-29,75
CHK03695,MB0618,C06,2024-12-18,60
CHK03696,MB0445,C01,2024-12-02,60
CHK03697,MB0479,C05,2024-03-25,30
CHK03698,MB0426,C04,2024-12-21,90
CHK03699,MB0534,C06,2024-07-09,90
CHK03700,MB0741,C02,2024-12-05,90
CHK03701,MB0170,C03,2024-04-14,90
CHK03702,MB0051,C04,2024-12-02,45
CHK03703,MB0413,C02,2024-11-28,60
CHK03704,MB0596,C05,2024-03-30,60
CHK03705,MB0383,C05,2024-05-11,45
CHK03706,MB0714,C08,2024-08-13,90
CHK03707,MB0433,C06,2024-01-10,45
CHK03708,MB0406,C03,2024-06-21,60
CHK03709,MB0284,C04,2024-06-09,60
CHK03710,MB0319,C03,2024-07-19,75
CHK03711,MB0541,C08,2024-03-05,90
CHK03712,MB0545,C08,2024-09-30,60
CHK03713,MB0792,C06,2024-05-07,45
CHK03714,MB0061,C02,2024-11-01,90
CHK03715,MB0668,C05,2024-06-15,30
CHK03716,MB0260,C05,2024-06-30,90
CHK03717,MB0654,C05,2024-04-16,30
CHK03718,MB0412,C02,2024-07-14,90
CHK03719,MB0182,C01,2024-10-28,90
CHK03720,MB0642,C08,2024-03-12,90
CHK03721,MB0272,C02,2024-05-15,45
CHK03722,MB0334,C07,2024-09-15,60
CHK03723,MB0713,C01,2024-02-15,90
CHK03724,MB0113,C07,2024-12-10,30
CHK03725,MB0225,C02,2024-11-14,75
CHK03726,MB0393,C06,2024-07-10,90
CHK03727,MB0757,C06,2024-07-04,75
CHK03728,MB0483,C07,2024-02-14,75
CHK03729,MB0648,C05,2024-12-04,30
CHK03730,MB0275,C03,2024-01-07,30
CHK03731,MB0409,C07,2024-03-28,90
CHK03732,MB0284,C04,2024-04-17,60
CHK03733,MB0665,C04,2024-05-08,60
CHK03734,MB0440,C05,2024-05-25,30
CHK03735,MB0637,C05,2024-07-14,30
CHK03736,MB0195,C02,2024-10-07,75
CHK03737,MB0721,C08,2024-06-30,90
CHK03738,MB0552,C06,2024-02-19,75
CHK03739,MB0731,C03,2024-07-22,45
CHK03740,MB0537,C08,2024-08-27,45
CHK03741,MB0027,C08,2024-07-25,75
CHK03742,MB0119,C07,2024-04-04,75
CHK03743,MB0536,C03,2024-03-08,60
CHK03744,MB0139,C03,2024-01-29,90
CHK03745,MB0273,C07,2024-06-10,30
CHK03746,MB0694,C01,2024-07-26,30
CHK03747,MB0262,C02,2024-08-23,60
CHK03748,MB0235,C08,2024-05-09,45
CHK03749,MB0535,C06,2024-05-07,60
CHK03750,MB0689,C07,2024-07-19,60
CHK03751,MB0574,C07,2024-01-21,30
CHK03752,MB0194,C02,2024-06-24,30
CHK03753,MB0616,C05,2024-07-26,75
CHK03754,MB0222,C06,2024-08-18,30
CHK03755,MB0267,C06,2024-12-18,60
CHK03756,MB0069,C06,2024-02-25,90
CHK03757,MB0045,C07,2024-05-02,60
CHK03758,MB0347,C05,2024-07-13,45
CHK03759,MB0156,C01,2024-06-10,90
CHK03760,MB0587,C07,2024-04-30,45
CHK03761,MB0522,C04,2024-07-27,45
CHK03762,MB0492,C04,2024-09-18,75
CHK03763,MB0570,C03,2024-12-24,45
CHK03764,MB0173,C06,2024-12-03,75
CHK03765,MB0592,C05,2024-10-31,60
CHK03766,MB0238,C05,2024-10-05,90
CHK03767,MB0094,C07,2024-10-16,60
CHK03768,MB0776,C02,2024-08-26,60
CHK03769,MB0242,C03,2024-05-27,30
CHK03770,MB0368,C06,2024-12-13,60
CHK03771,MB0431,C05,2024-12-17,60
CHK03772,MB0268,C03,2024-07-31,45
CHK03773,MB0101,C07,2024-12-07,75
CHK03774,MB0452,C05,2024-09-10,90
CHK03775,MB0352,C07,2024-03-12,30
CHK03776,MB0179,C01,2024-12-25,45
CHK03777,MB0051,C07,2024-06-30,75
CHK03778,MB0264,C07,2024-11-16,30
CHK03779,MB0710,C05,2024-12-10,45
CHK03780,MB0573,C05,2024-07-20,75
CHK03781,MB0420,C04,2024-11-29,90
CHK03782,MB0573,C05,2024-04-18,30
CHK03783,MB0037,C05,2024-04-06,30
CHK03784,MB0403,C04,2024-11-05,60
CHK03785,MB0146,C06,2024-11-10,75
CHK03786,MB0431,C06,2024-03-04,75
CHK03787,MB0688,C04,2024-06-30,75
CHK03788,MB0797,C08,2024-01-18,30
CHK03789,MB0465,C05,2024-02-09,30
CHK03790,MB0113,C02,2024-03-11,90
CHK03791,MB0228,C06,2024-01-30,75
CHK03792,MB0490,C08,2024-04-08,30
CHK03793,MB0078,C04,2024-04-26,60
CHK03794,MB0750,C03,2024-06-21,30
CHK03795,MB0731,C04,2024-12-09,75
CHK03796,MB0773,C03,2024-10-26,60
CHK03797,MB0256,C03,2024-10-27,45
CHK03798,MB0713,C03,2024-06-10,75
CHK03799,MB0265,C01,2024-11-15,45
CHK03800,MB0129,C03,2024-09-19,45
CHK03801,MB0428,C06,2024-02-08,45
CHK03802,MB0493,C05,2024-11-23,90
CHK03803,MB0141,C02,2024-08-28,45
CHK03804,MB0459,C03,2024-01-20,75
CHK03805,MB0326,C04,2024-09-17,90
CHK03806,MB0085,C02,2024-08-14,75
CHK03807,MB0316,C05,2024-02-24,60
CHK03808,MB0081,C04,2024-08-24,90
CHK03809,MB0677,C06,2024-01-19,45
CHK03810,MB0314,C05,2024-01-24,30
CHK03811,MB0034,C08,2024-07-24,90
CHK03812,MB0687,C06,2024-02-05,30
CHK03813,MB0597,C05,2024-08-26,30
CHK03814,MB0251,C05,2024-05-30,45
CHK03815,MB0406,C07,2024-11-06,75
CHK03816,MB0788,C07,2024-08-21,90
CHK03817,MB0541,C02,2024-10-29,75
CHK03818,MB0134,C03,2024-01-09,30
CHK03819,MB0499,C05,2024-02-02,60
CHK03820,MB0655,C07,2024-04-01,30
CHK03821,MB0330,C08,2024-09-29,90
CHK03822,MB0272,C07,2024-10-18,45
CHK03823,MB0431,C02,2024-03-26,75
CHK03824,MB0216,C05,2024-03-07,60
CHK03825,MB0799,C06,2024-01-29,30
CHK03826,MB0705,C01,2024-04-21,60
CHK03827,MB0793,C07,2024-04-10,75
CHK03828,MB0025,C07,2024-02-27,30
CHK03829,MB0220,C01,2024-03-19,90
CHK03830,MB0768,C04,2024-10-25,45
CHK03831,MB0373,C05,2024-03-14,45
CHK03832,MB0763,C01,2024-07-07,90
CHK03833,MB0767,C02,2024-04-09,30
CHK03834,MB0147,C06,2024-08-09,60
CHK03835,MB0704,C04,2024-06-19,75
CHK03836,MB0505,C03,2024-10-25,90
CHK03837,MB0607,C08,2024-02-20,45
CHK03838,MB0399,C08,2024-10-10,90
CHK03839,MB0394,C08,2024-07-29,30
CHK03840,MB0136,C03,2024-01-14,90
CHK03841,MB0415,C05,2024-06-23,30
CHK03842,MB0591,C08,2024-10-09,45
CHK03843,MB0547,C06,2024-08-15,90
CHK03844,MB0042,C05,2024-12-16,60
CHK03845,MB0319,C05,2024-05-18,45
CHK03846,MB0182,C04,2024-11-02,90
CHK03847,MB0206,C05,2024-08-07,90
CHK03848,MB0260,C01,2024-10-21,75
CHK03849,MB0796,C03,2024-06-12,45
CHK03850,MB0522,C03,2024-06-10,90
CHK03851,MB0739,C06,2024-11-17,75
CHK03852,MB0414,C08,2024-10-27,30
CHK03853,MB0470,C04,2024-10-03,75
CHK03854,MB0464,C08,2024-07-31,60
CHK03855,MB0215,C07,2024-01-26,30
CHK03856,MB0615,C05,2024-06-01,75
CHK03857,MB0731,C03,2024-12-20,45
CHK03858,MB0429,C05,2024-07-19,60
CHK03859,MB0529,C04,2024-05-24,45
CHK03860,MB0781,C02,2024-11-01,30
CHK03861,MB0558,C08,2024-07-12,75
CHK03862,MB0733,C07,2024-06-17,60
CHK03863,MB0037,C07,2024-06-03,30
CHK03864,MB0113,C08,2024-03-19,30
CHK03865,MB0160,C04,2024-01-02,75
CHK03866,MB0754,C03,2024-04-01,30
CHK03867,MB0635,C05,2024-01-21,30
CHK03868,MB0664,C02,2024-05-24,30
CHK03869,MB0692,C07,2024-04-18,30
CHK03870,MB0105,C06,2024-12-21,75
CHK03871,MB0631,C08,2024-03-06,30
CHK03872,MB0435,C07,2024-06-14,75
CHK03873,MB0088,C01,2024-08-02,60
CHK03874,MB0503,C06,2024-11-12,30
CHK03875,MB0703,C02,2024-09-07,45
CHK03876,MB0408,C04,2024-07-06,90
CHK03877,MB0256,C07,2024-06-15,60
CHK03878,MB0342,C04,2024-04-22,30
CHK03879,MB0561,C01,2024-06-19,75
CHK03880,MB0782,C07,2024-03-25,60
CHK03881,MB0706,C08,2024-12-14,90
CHK03882,MB0314,C08,2024-05-31,30
CHK03883,MB0263,C05,2024-01-10,90
CHK03884,MB0501,C04,2024-12-12,45
CHK03885,MB0651,C03,2024-06-01,75
CHK03886,MB0084,C04,2024-08-03,45
CHK03887,MB0084,C07,2024-10-10,45
CHK03888,MB0581,C08,2024-09-09,60
CHK03889,MB0290,C08,2024-11-26,90
CHK03890,MB0535,C08,2024-05-30,45
CHK03891,MB0467,C02,2024-01-29,75
CHK03892,MB0472,C07,2024-10-31,90
CHK03893,MB0796,C05,2024-01-09,60
CHK03894,MB0061,C08,2024-01-16,45
CHK03895,MB0473,C04,2024-02-28,60
CHK03896,MB0656,C06,2024-06-16,90
CHK03897,MB0464,C06,2024-09-19,30
CHK03898,MB0686,C05,2024-05-23,30
CHK03899,MB0212,C03,2024-11-08,90
CHK03900,MB0415,C02,2024-07-02,75
CHK03901,MB0142,C01,2024-04-14,60
CHK03902,MB0026,C07,2024-04-10,30
CHK03903,MB0124,C06,2024-09-05,60
CHK03904,MB0593,C04,2024-08-25,60
CHK03905,MB0702,C07,2024-12-27,45
CHK03906,MB0730,C03,2024-12-07,60
CHK03907,MB0216,C05,2024-11-23,60
CHK03908,MB0151,C02,2024-10-29,60
CHK03909,MB0295,C08,2024-02-26,60
CHK03910,MB0545,C04,2024-06-15,30
CHK03911,MB0699,C08,2024-10-22,45
CHK03912,MB0510,C07,2024-01-16,90
CHK03913,MB0169,C04,2024-07-29,30
CHK03914,MB0010,C07,2024-12-17,75
CHK03915,MB0087,C01,2024-07-14,30
CHK03916,MB0265,C08,2024-11-18,45
CHK03917,MB0591,C08,2024-05-02,60
CHK03918,MB0045,C04,2024-06-18,45
CHK03919,MB0172,C05,2024-11-02,90
CHK03920,MB0266,C02,2024-01-04,60
CHK03921,MB0464,C05,2024-07-11,60
CHK03922,MB0790,C02,2024-04-30,90
CHK03923,MB0044,C02,2024-05-01,60
CHK03924,MB0334,C04,2024-07-14,45
CHK03925,MB0291,C06,2024-01-01,90
CHK03926,MB0364,C01,2024-08-13,30
CHK03927,MB0220,C05,2024-06-15,75
CHK03928,MB0659,C05,2024-04-14,75
CHK03929,MB0679,C03,2024-06-19,75
CHK03930,MB0518,C06,2024-02-22,60
CHK03931,MB0383,C01,2024-03-26,45
CHK03932,MB0174,C05,2024-02-15,60
CHK03933,MB0261,C06,2024-03-26,30
CHK03934,MB0677,C03,2024-03-12,60
CHK03935,MB0300,C05,2024-03-05,75
CHK03936,MB0533,C06,2024-05-16,45
CHK03937,MB0373,C06,2024-01-24,90
CHK03938,MB0680,C08,2024-10-15,45
CHK03939,MB0771,C06,2024-08-16,45
CHK03940,MB0267,C07,2024-06-25,60
CHK03941,MB0752,C02,2024-01-30,45
CHK03942,MB0695,C08,2024-10-07,90
CHK03943,MB0028,C07,2024-05-27,45
CHK03944,MB0224,C05,2024-11-04,75
CHK03945,MB0730,C01,2024-06-26,45
CHK03946,MB0320,C01,2024-10-31,60
CHK03947,MB0461,C02,2024-06-25,75
CHK03948,MB0267,C06,2024-09-05,90
CHK03949,MB0677,C06,2024-11-08,45
CHK03950,MB0536,C08,2024-10-26,45
CHK03951,MB0250,C05,2024-05-10,45
CHK03952,MB0574,C04,2024-02-08,45
CHK03953,MB0631,C06,2024-03-15,90
CHK03954,MB0574,C07,2024-09-17,75
CHK03955,MB0497,C06,2024-04-27,30
CHK03956,MB0424,C04,2024-07-01,90
CHK03957,MB0598,C06,2024-08-26,75
CHK03958,MB0328,C05,2024-04-06,75
CHK03959,MB0762,C03,2024-07-07,75
CHK03960,MB0609,C02,2024-02-22,30
CHK03961,MB0520,C08,2024-03-19,60
CHK03962,MB0286,C08,2024-08-25,60
CHK03963,MB0402,C07,2024-12-29,45
CHK03964,MB0748,C05,2024-10-27,90
CHK03965,MB0726,C02,2024-03-01,45
CHK03966,MB0333,C04,2024-02-10,30
CHK03967,MB0780,C05,2024-11-15,60
CHK03968,MB0639,C06,2024-12-19,75
CHK03969,MB0406,C05,2024-05-28,45
CHK03970,MB0381,C08,2024-09-16,90
CHK03971,MB0140,C01,2024-07-19,45
CHK03972,MB0244,C05,2024-05-01,30
CHK03973,MB0564,C06,2024-04-29,60
CHK03974,MB0464,C06,2024-07-22,75
CHK03975,MB0350,C07,2024-03-26,90
CHK03976,MB0529,C04,2024-11-21,75
CHK03977,MB0643,C02,2024-01-22,60
CHK03978,MB0123,C02,2024-11-27,45
CHK03979,MB0749,C01,2024-02-02,45
CHK03980,MB0736,C03,2024-04-24,90
CHK03981,MB0783,C07,2024-11-08,60
CHK03982,MB0393,C04,2024-06-27,45
CHK03983,MB0774,C01,2024-11-21,60
CHK03984,MB0665,C02,2024-07-15,90
CHK03985,MB0734,C07,2024-05-08,75
CHK03986,MB0209,C05,2024-09-11,45
CHK03987,MB0725,C04,2024-11-01,75
CHK03988,MB0712,C06,2024-12-13,30
CHK03989,MB0023,C08,2024-04-19,45
CHK03990,MB0421,C02,2024-09-26,90
CHK03991,MB0115,C04,2024-12-21,75
CHK03992,MB0203,C02,2024-09-12,75
CHK03993,MB0787,C06,2024-07-17,60
CHK03994,MB0503,C02,2024-02-09,30
CHK03995,MB0669,C04,2024-10-06,90
CHK03996,MB0141,C06,2024-06-06,30
CHK03997,MB0332,C05,2024-10-01,90
CHK03998,MB0413,C05,2024-07-22,30
CHK03999,MB0538,C06,2024-06-17,90
CHK04000,MB0286,C05,2024-12-01,90
CHK04001,MB0456,C07,2024-05-26,30
CHK04002,MB0477,C05,2024-07-01,90
CHK04003,MB0300,C08,2024-11-10,30
CHK04004,MB0766,C02,2024-02-26,30
CHK04005,MB0351,C06,2024-10-30,90
CHK04006,MB0314,C03,2024-06-03,60
CHK04007,MB0255,C01,2024-07-07,30
CHK04008,MB0599,C05,2024-08-09,45
CHK04009,MB0186,C01,2024-02-01,45
CHK04010,MB0774,C01,2024-06-13,45
CHK04011,MB0324,C03,2024-11-08,75
CHK04012,MB0424,C03,2024-02-02,45
CHK04013,MB0779,C06,2024-03-04,75
CHK04014,MB0756,C04,2024-11-22,75
CHK04015,MB0399,C07,2024-10-19,60
CHK04016,MB0630,C07,2024-05-03,90
CHK04017,MB0709,C07,2024-01-30,30
CHK04018,MB0781,C03,2024-08-29,30
CHK04019,MB0732,C08,2024-08-29,45
CHK04020,MB0120,C08,2024-03-21,45
CHK04021,MB0085,C03,2024-05-19,90
CHK04022,MB0763,C04,2024-06-07,90
CHK04023,MB0770,C07,2024-12-25,30
CHK04024,MB0260,C03,2024-02-21,60
CHK04025,MB0674,C08,2024-09-05,45
CHK04026,MB0249,C04,2024-04-28,60
CHK04027,MB0795,C02,2024-12-19,30
CHK04028,MB0663,C01,2024-01-31,45
CHK04029,MB0415,C04,2024-09-09,60
CHK04030,MB0765,C08,2024-04-28,60
CHK04031,MB0086,C03,2024-12-07,90
CHK04032,MB0081,C04,2024-09-19,90
CHK04033,MB0093,C06,2024-10-09,60
CHK04034,MB0480,C01,2024-05-30,60
CHK04035,MB0181,C07,2024-01-29,75
CHK04036,MB0336,C06,2024-09-19,45
CHK04037,MB0237,C05,2024-02-27,90
CHK04038,MB0510,C05,2024-12-05,60
CHK04039,MB0124,C02,2024-12-31,30
CHK04040,MB0006,C01,2024-09-26,90
CHK04041,MB0765,C02,2024-09-01,75
CHK04042,MB0101,C08,2024-02-17,75
CHK04043,MB0378,C03,2024-12-25,30
CHK04044,MB0712,C04,2024-01-06,45
CHK04045,MB0001,C04,2024-12-21,30
CHK04046,MB0744,C03,2024-12-25,75
CHK04047,MB0641,C01,2024-07-04,45
CHK04048,MB0643,C02,2024-12-11,30
CHK04049,MB0123,C06,2024-12-25,75
CHK04050,MB0140,C04,2024-12-22,60
CHK04051,MB0256,C05,2024-06-19,30
CHK04052,MB0317,C06,2024-09-01,75
CHK04053,MB0352,C07,2024-01-29,60
CHK04054,MB0356,C07,2024-10-29,45
CHK04055,MB0381,C02,2024-04-18,45
CHK04056,MB0637,C06,2024-05-21,30
CHK04057,MB0317,C03,2024-02-19,90
CHK04058,MB0750,C06,2024-04-24,75
CHK04059,MB0779,C04,2024-09-12,90
CHK04060,MB0513,C05,2024-01-31,45
CHK04061,MB0253,C05,2024-02-29,60
CHK04062,MB0032,C08,2024-01-24,30
CHK04063,MB0077,C08,2024-04-29,30
CHK04064,MB0588,C05,2024-06-16,45
CHK04065,MB0511,C06,2024-05-20,90
CHK04066,MB0256,C08,2024-02-04,75
CHK04067,MB0080,C05,2024-07-15,75
CHK04068,MB0297,C03,2024-02-22,75
CHK04069,MB0022,C05,2024-01-06,60
CHK04070,MB0488,C06,2024-05-07,45
CHK04071,MB0466,C07,2024-01-15,90
CHK04072,MB0410,C05,2024-07-19,60
CHK04073,MB0372,C04,2024-10-15,90
CHK04074,MB0422,C07,2024-10-14,90
CHK04075,MB0302,C06,2024-01-03,45
CHK04076,MB0036,C08,2024-04-15,90
CHK04077,MB0686,C02,2024-03-19,75
CHK04078,MB0773,C02,2024-03-28,60
CHK04079,MB0020,C06,2024-04-22,45
CHK04080,MB0109,C02,2024-07-12,30
CHK04081,MB0648,C02,2024-03-15,30
CHK04082,MB0357,C07,2024-06-20,90
CHK04083,MB0667,C03,2024-09-04,90
CHK04084,MB0471,C04,2024-07-20,90
CHK04085,MB0604,C03,2024-12-27,30
CHK04086,MB0232,C01,2024-06-12,30
CHK04087,MB0023,C08,2024-04-29,45
CHK04088,MB0157,C05,2024-06-30,60
CHK04089,MB0110,C06,2024-09-05,90
CHK04090,MB0327,C08,2024-07-26,45
CHK04091,MB0413,C02,2024-11-04,75
CHK04092,MB0279,C08,2024-04-09,75
CHK04093,MB0576,C01,2024-02-27,60
CHK04094,MB0667,C08,2024-02-01,60
CHK04095,MB0161,C02,2024-06-16,90
CHK04096,MB0792,C08,2024-01-05,90
CHK04097,MB0401,C08,2024-02-15,60
CHK04098,MB0693,C07,2024-11-17,75
CHK04099,MB0644,C01,2024-07-04,60
CHK04100,MB0302,C03,2024-11-01,30
CHK04101,MB0649,C04,2024-01-13,45
CHK04102,MB0679,C08,2024-09-09,45
CHK04103,MB0167,C06,2024-04-25,30
CHK04104,MB0484,C04,2024-05-11,90
CHK04105,MB0295,C05,2024-07-25,90
CHK04106,MB0335,C05,2024-02-29,45
CHK04107,MB0635,C08,2024-05-18,30
CHK04108,MB0352,C03,2024-01-11,30
CHK04109,MB0113,C04,2024-12-03,90
CHK04110,MB0240,C05,2024-04-28,30
CHK04111,MB0749,C02,2024-02-18,75
CHK04112,MB0616,C06,2024-11-02,45
CHK04113,MB0312,C06,2024-01-09,45
CHK04114,MB0390,C08,2024-05-23,60
CHK04115,MB0263,C03,2024-09-12,75
CHK04116,MB0032,C04,2024-03-19,75
CHK04117,MB0474,C02,2024-08-28,60
CHK04118,MB0145,C06,2024-04-01,45
CHK04119,MB0254,C03,2024-05-29,30
CHK04120,MB0104,C03,2024-01-08,30
CHK04121,MB0318,C02,2024-04-13,60
CHK04122,MB0077,C03,2024-02-04,30
CHK04123,MB0382,C08,2024-08-16,75
CHK04124,MB0072,C05,2024-08-29,60
CHK04125,MB0290,C02,2024-05-10,90
CHK04126,MB0519,C04,2024-03-27,90
CHK04127,MB0650,C04,2024-11-07,30
CHK04128,MB0532,C07,2024-06-15,90
CHK04129,MB0159,C07,2024-07-02,90
CHK04130,MB0706,C06,2024-11-26,75
CHK04131,MB0139,C05,2024-03-05,45
CHK04132,MB0576,C07,2024-11-25,45
CHK04133,MB0793,C08,2024-07-11,30
CHK04134,MB0508,C02,2024-07-06,45
CHK04135,MB0659,C04,2024-06-07,90
CHK04136,MB0250,C01,2024-10-10,30
CHK04137,MB0321,C04,2024-06-06,30
CHK04138,MB0355,C08,2024-01-17,30
CHK04139,MB0463,C08,2024-02-06,90
CHK04140,MB0720,C06,2024-09-27,45
CHK04141,MB0090,C02,2024-09-19,75
CHK04142,MB0270,C07,2024-05-07,60
CHK04143,MB0591,C04,2024-02-02,60
CHK04144,MB0685,C02,2024-03-17,75
CHK04145,MB0215,C08,2024-07-21,60
CHK04146,MB0587,C01,2024-05-11,90
CHK04147,MB0779,C02,2024-06-24,60
CHK04148,MB0051,C02,2024-05-26,30
CHK04149,MB0078,C01,2024-12-07,90
CHK04150,MB0313,C04,2024-02-05,45
CHK04151,MB0044,C08,2024-08-07,60
CHK04152,MB0309,C06,2024-06-09,30
CHK04153,MB0206,C04,2024-03-07,30
CHK04154,MB0165,C05,2024-08-12,45
CHK04155,MB0180,C04,2024-02-12,75
CHK04156,MB0619,C06,2024-01-05,30
CHK04157,MB0659,C08,2024-05-10,45
CHK04158,MB0584,C01,2024-10-29,60
CHK04159,MB0586,C03,2024-12-17,60
CHK04160,MB0634,C04,2024-01-13,30
CHK04161,MB0244,C07,2024-12-02,90
CHK04162,MB0636,C08,2024-03-06,75
CHK04163,MB0670,C03,2024-05-27,90
CHK04164,MB0283,C01,2024-04-20,90
CHK04165,MB0483,C01,2024-05-08,30
CHK04166,MB0280,C07,2024-02-21,75
CHK04167,MB0072,C04,2024-03-12,30
CHK04168,MB0101,C02,2024-07-12,45
CHK04169,MB0054,C07,2024-07-21,75
CHK04170,MB0553,C08,2024-03-13,75
CHK04171,MB0682,C02,2024-04-08,75
CHK04172,MB0591,C05,2024-03-20,75
CHK04173,MB0431,C08,2024-12-16,45
CHK04174,MB0091,C01,2024-07-19,90
CHK04175,MB0084,C07,2024-08-30,45
CHK04176,MB0787,C05,2024-07-23,60
CHK04177,MB0427,C08,2024-05-21,30
CHK04178,MB0131,C05,2024-05-01,30
CHK04179,MB0245,C01,2024-08-02,60
CHK04180,MB0181,C08,2024-12-20,60
CHK04181,MB0405,C02,2024-03-31,30
CHK04182,MB0799,C03,2024-03-20,30
CHK04183,MB0088,C01,2024-04-24,75
CHK04184,MB0656,C02,2024-06-20,60
CHK04185,MB0257,C05,2024-02-02,30
CHK04186,MB0401,C08,2024-04-08,45
CHK04187,MB0093,C08,2024-01-12,90
CHK04188,MB0630,C02,2024-01-18,90
CHK04189,MB0164,C05,2024-11-08,75
CHK04190,MB0626,C02,2024-07-12,60
CHK04191,MB0021,C08,2024-10-04,30
CHK04192,MB0530,C01,2024-10-13,30
CHK04193,MB0364,C03,2024-08-17,90
CHK04194,MB0329,C05,2024-11-13,90
CHK04195,MB0556,C02,2024-04-18,60
CHK04196,MB0557,C01,2024-10-17,75
CHK04197,MB0178,C05,2024-10-19,75
CHK04198,MB0452,C03,2024-01-04,60
CHK04199,MB0603,C05,2024-02-28,30
CHK04200,MB0346,C07,2024-11-16,75
CHK04201,MB0471,C05,2024-09-19,90
CHK04202,MB0102,C06,2024-08-01,45
CHK04203,MB0430,C04,2024-01-09,30
CHK04204,MB0362,C01,2024-08-19,90
CHK04205,MB0426,C06,2024-09-08,90
CHK04206,MB0535,C07,2024-10-15,45
CHK04207,MB0294,C01,2024-02-23,45
CHK04208,MB0768,C07,2024-04-22,75
CHK04209,MB0258,C08,2024-09-05,90
CHK04210,MB0135,C01,2024-12-26,45
CHK04211,MB0729,C04,2024-03-17,90
CHK04212,MB0291,C05,2024-12-01,90
CHK04213,MB0588,C03,2024-05-16,90
CHK04214,MB0560,C03,2024-08-11,60
CHK04215,MB0709,C07,2024-10-30,60
CHK04216,MB0571,C01,2024-09-03,30
CHK04217,MB0325,C01,2024-06-22,60
CHK04218,MB0402,C01,2024-11-26,90
CHK04219,MB0154,C02,2024-12-21,90
CHK04220,MB0093,C01,2024-04-25,90
CHK04221,MB0772,C08,2024-09-26,75
CHK04222,MB0250,C03,2024-07-14,75
CHK04223,MB0797,C07,2024-07-28,90
CHK04224,MB0799,C05,2024-03-11,90
CHK04225,MB0687,C03,2024-12-06,30
CHK04226,MB0509,C01,2024-01-06,90
CHK04227,MB0659,C04,2024-12-21,90
CHK04228,MB0770,C05,2024-06-17,75
CHK04229,MB0380,C02,2024-09-08,90
CHK04230,MB0234,C05,2024-04-30,90
CHK04231,MB0750,C08,2024-09-24,30
CHK04232,MB0594,C07,2024-09-08,90
CHK04233,MB0646,C07,2024-06-08,60
CHK04234,MB0604,C02,2024-01-22,60
CHK04235,MB0755,C02,2024-12-14,30
CHK04236,MB0246,C03,2024-09-25,75
CHK04237,MB0160,C01,2024-10-13,90
CHK04238,MB0158,C04,2024-09-05,60
CHK04239,MB0156,C05,2024-02-10,90
CHK04240,MB0401,C03,2024-07-21,90
CHK04241,MB0746,C06,2024-10-08,90
CHK04242,MB0363,C05,2024-07-01,75
CHK04243,MB0719,C05,2024-12-21,75
CHK04244,MB0444,C07,2024-09-15,60
CHK04245,MB0268,C05,2024-08-19,45
CHK04246,MB0248,C03,2024-06-30,45
CHK04247,MB0015,C04,2024-06-20,45
CHK04248,MB0294,C05,2024-04-16,45
CHK04249,MB0161,C02,2024-06-24,60
CHK04250,MB0111,C03,2024-12-06,60
CHK04251,MB0401,C05,2024-03-02,60
CHK04252,MB0144,C04,2024-11-13,30
CHK04253,MB0037,C08,2024-11-09,30
CHK04254,MB0065,C01,2024-02-16,60
CHK04255,MB0688,C01,2024-07-26,60
CHK04256,MB0708,C01,2024-04-22,30
CHK04257,MB0696,C08,2024-12-01,75
CHK04258,MB0130,C03,2024-01-12,90
CHK04259,MB0675,C07,2024-06-22,60
CHK04260,MB0526,C07,2024-05-01,90
CHK04261,MB0737,C08,2024-03-11,30
CHK04262,MB0175,C06,2024-01-02,30
CHK04263,MB0298,C01,2024-05-18,45
CHK04264,MB0101,C08,2024-11-01,60
CHK04265,MB0053,C08,2024-09-05,30
CHK04266,MB0741,C08,2024-10-30,45
CHK04267,MB0743,C08,2024-10-27,75
CHK04268,MB0471,C02,2024-02-01,60
CHK04269,MB0384,C02,2024-05-16,60
CHK04270,MB0683,C02,2024-08-13,90
CHK04271,MB0691,C05,2024-12-20,90
CHK04272,MB0487,C01,2024-11-08,60
CHK04273,MB0389,C01,2024-02-14,90
CHK04274,MB0073,C05,2024-02-04,90
CHK04275,MB0043,C05,2024-11-24,75
CHK04276,MB0530,C06,2024-10-03,60
CHK04277,MB0192,C08,2024-07-02,60
CHK04278,MB0114,C06,2024-09-21,60
CHK04279,MB0391,C05,2024-01-01,90
CHK04280,MB0298,C04,2024-06-20,30
CHK04281,MB0238,C07,2024-02-23,75
CHK04282,MB0170,C05,2024-10-03,60
CHK04283,MB0780,C02,2024-02-27,90
CHK04284,MB0265,C07,2024-07-14,60
CHK04285,MB0115,C04,2024-02-22,30
CHK04286,MB0056,C08,2024-08-23,90
CHK04287,MB0630,C03,2024-12-11,45
CHK04288,MB0527,C03,2024-11-07,60
CHK04289,MB0797,C01,2024-08-13,90
CHK04290,MB0187,C01,2024-01-12,75
CHK04291,MB0407,C01,2024-12-02,30
CHK04292,MB0230,C07,2024-11-22,90
CHK04293,MB0275,C01,2024-12-21,45
CHK04294,MB0404,C04,2024-02-28,75
CHK04295,MB0461,C03,2024-10-23,30
CHK04296,MB0543,C04,2024-08-18,60
CHK04297,MB0730,C08,2024-07-05,75
CHK04298,MB0538,C02,2024-12-09,90
CHK04299,MB0747,C01,2024-04-14,30
CHK04300,MB0353,C01,2024-11-26,45
CHK04301,MB0228,C02,2024-01-18,45
CHK04302,MB0754,C08,2024-12-08,60
CHK04303,MB0119,C02,2024-10-10,45
CHK04304,MB0331,C08,2024-09-14,30
CHK04305,MB0217,C06,2024-04-30,60
CHK04306,MB0051,C04,2024-08-07,90
CHK04307,MB0049,C03,2024-12-07,60
CHK04308,MB0156,C01,2024-09-01,60
CHK04309,MB0092,C01,2024-05-24,30
CHK04310,MB0372,C04,2024-02-20,45
CHK04311,MB0578,C02,2024-12-16,30
CHK04312,MB0123,C03,2024-10-19,45
CHK04313,MB0293,C04,2024-08-15,75
CHK04314,MB0390,C01,2024-11-05,30
CHK04315,MB0363,C08,2024-08-18,30
CHK04316,MB0597,C08,2024-11-16,75
CHK04317,MB0217,C03,2024-02-02,45
CHK04318,MB0556,C02,2024-11-10,75
CHK04319,MB0412,C05,2024-12-28,30
CHK04320,MB0696,C01,2024-12-25,75
CHK04321,MB0233,C07,2024-08-26,75
CHK04322,MB0584,C04,2024-09-16,30
CHK04323,MB0009,C02,2024-08-05,75
CHK04324,MB0567,C08,2024-05-14,45
CHK04325,MB0174,C01,2024-07-25,45
CHK04326,MB0758,C04,2024-03-04,30
CHK04327,MB0265,C04,2024-11-29,30
CHK04328,MB0386,C08,2024-10-29,30
CHK04329,MB0121,C06,2024-01-23,60
CHK04330,MB0111,C08,2024-01-02,90
CHK04331,MB0241,C07,2024-08-27,45
CHK04332,MB0628,C03,2024-07-08,45
CHK04333,MB0576,C04,2024-02-02,60
CHK04334,MB0261,C01,2024-12-23,60
CHK04335,MB0401,C05,2024-10-27,45
CHK04336,MB0408,C07,2024-10-22,90
CHK04337,MB0612,C06,2024-04-01,60
CHK04338,MB0785,C07,2024-07-19,45
CHK04339,MB0731,C06,2024-09-23,60
CHK04340,MB0404,C01,2024-06-01,45
CHK04341,MB0443,C02,2024-06-11,75
CHK04342,MB0269,C06,2024-09-01,60
CHK04343,MB0463,C01,2024-03-29,90
CHK04344,MB0503,C01,2024-08-27,90
CHK04345,MB0683,C02,2024-08-10,90
CHK04346,MB0727,C07,2024-05-10,45
CHK04347,MB0427,C06,2024-12-23,90
CHK04348,MB0450,C01,2024-05-31,75
CHK04349,MB0593,C01,2024-06-16,90
CHK04350,MB0535,C05,2024-05-05,75
CHK04351,MB0450,C04,2024-11-19,90
CHK04352,MB0308,C01,2024-02-25,45
CHK04353,MB0199,C03,2024-02-14,60
CHK04354,MB0475,C04,2024-05-04,90
CHK04355,MB0102,C02,2024-09-30,45
CHK04356,MB0082,C07,2024-02-17,60
CHK04357,MB0381,C03,2024-06-25,30
CHK04358,MB0363,C05,2024-09-11,60
CHK04359,MB0338,C03,2024-03-28,90
CHK04360,MB0441,C07,2024-09-01,75
CHK04361,MB0800,C08,2024-12-30,75
CHK04362,MB0615,C05,2024-06-24,75
CHK04363,MB0529,C03,2024-03-31,60
CHK04364,MB0622,C05,2024-09-18,60
CHK04365,MB0121,C06,2024-10-11,75
CHK04366,MB0620,C06,2024-03-11,60
CHK04367,MB0520,C03,2024-09-27,90
CHK04368,MB0246,C06,2024-11-27,30
CHK04369,MB0320,C01,2024-04-03,75
CHK04370,MB0429,C07,2024-08-02,75
CHK04371,MB0090,C03,2024-06-13,30
CHK04372,MB0756,C01,2024-02-23,30
CHK04373,MB0764,C06,2024-03-08,75
CHK04374,MB0413,C02,2024-06-19,75
CHK04375,MB0131,C01,2024-11-24,75
CHK04376,MB0657,C05,2024-05-31,30
CHK04377,MB0789,C04,2024-04-02,60
CHK04378,MB0154,C08,2024-11-24,75
CHK04379,MB0014,C07,2024-10-01,75
CHK04380,MB0494,C03,2024-04-16,90
CHK04381,MB0800,C07,2024-01-28,30
CHK04382,MB0685,C08,2024-11-16,30
CHK04383,MB0419,C07,2024-03-19,75
CHK04384,MB0555,C06,2024-07-29,90
CHK04385,MB0296,C06,2024-09-09,30
CHK04386,MB0563,C04,2024-03-04,45
CHK04387,MB0637,C07,2024-07-26,45
CHK04388,MB0061,C02,2024-08-21,75
CHK04389,MB0311,C04,2024-05-10,75
CHK04390,MB0588,C04,2024-03-30,60
CHK04391,MB0134,C07,2024-12-04,90
CHK04392,MB0403,C04,2024-06-24,90
CHK04393,MB0198,C02,2024-06-25,45
CHK04394,MB0437,C07,2024-07-04,30
CHK04395,MB0351,C02,2024-09-14,45
CHK04396,MB0717,C05,2024-11-03,45
CHK04397,MB0652,C08,2024-10-22,75
CHK04398,MB0327,C06,2024-01-02,45
CHK04399,MB0048,C06,2024-06-12,60
CHK04400,MB0720,C02,2024-05-06,60
CHK04401,MB0672,C07,2024-08-24,30
CHK04402,MB0681,C06,2024-05-02,45
CHK04403,MB0770,C04,2024-06-04,75
CHK04404,MB0135,C06,2024-05-17,30
CHK04405,MB0247,C04,2024-05-18,30
CHK04406,MB0354,C07,2024-06-06,90
CHK04407,MB0785,C01,2024-10-15,30
CHK04408,MB0153,C06,2024-12-06,60
CHK04409,MB0335,C07,2024-06-02,90
CHK04410,MB0090,C01,2024-08-10,75
CHK04411,MB0746,C02,2024-09-10,75
CHK04412,MB0327,C02,2024-09-13,45
CHK04413,MB0142,C01,2024-12-07,90
CHK04414,MB0335,C08,2024-10-09,75
CHK04415,MB0623,C06,2024-11-04,30
CHK04416,MB0609,C08,2024-02-07,75
CHK04417,MB0048,C01,2024-04-16,45
CHK04418,MB0454,C02,2024-12-31,60
CHK04419,MB0687,C01,2024-07-21,90
CHK04420,MB0088,C03,2024-02-02,75
CHK04421,MB0168,C02,2024-01-12,90
CHK04422,MB0087,C03,2024-06-24,60
CHK04423,MB0757,C03,2024-12-25,45
CHK04424,MB0273,C04,2024-10-25,45
CHK04425,MB0400,C06,2024-03-04,75
CHK04426,MB0123,C04,2024-03-17,45
CHK04427,MB0658,C03,2024-04-27,60
CHK04428,MB0169,C06,2024-10-07,75
CHK04429,MB0540,C03,2024-04-11,30
CHK04430,MB0326,C08,2024-02-14,30
CHK04431,MB0745,C02,2024-01-10,30
CHK04432,MB0686,C08,2024-05-05,75
CHK04433,MB0239,C04,2024-10-23,30
CHK04434,MB0031,C01,2024-02-02,75
CHK04435,MB0545,C01,2024-02-23,75
CHK04436,MB0276,C08,2024-12-03,30
CHK04437,MB0320,C01,2024-06-11,75
CHK04438,MB0519,C04,2024-05-06,75
CHK04439,MB0424,C06,2024-07-20,30
CHK04440,MB0279,C08,2024-05-19,30
CHK04441,MB0035,C08,2024-01-11,45
CHK04442,MB0742,C07,2024-10-11,30
CHK04443,MB0588,C06,2024-08-25,90
CHK04444,MB0233,C07,2024-07-12,90
CHK04445,MB0377,C08,2024-01-08,30
CHK04446,MB0210,C02,2024-06-15,45
CHK04447,MB0722,C08,2024-02-24,60
CHK04448,MB0463,C02,2024-09-08,45
CHK04449,MB0130,C03,2024-08-26,75
CHK04450,MB0655,C06,2024-08-30,30
CHK04451,MB0489,C06,2024-07-20,30
CHK04452,MB0131,C07,2024-07-01,75
CHK04453,MB0330,C06,2024-04-10,90
CHK04454,MB0618,C03,2024-02-05,45
CHK04455,MB0366,C07,2024-12-16,45
CHK04456,MB0160,C01,2024-03-19,75
CHK04457,MB0768,C04,2024-04-27,30
CHK04458,MB0537,C01,2024-05-02,90
CHK04459,MB0238,C01,2024-04-16,75
CHK04460,MB0576,C02,2024-02-07,45
CHK04461,MB0024,C02,2024-05-25,45
CHK04462,MB0103,C05,2024-02-22,90
CHK04463,MB0747,C03,2024-06-28,90
CHK04464,MB0634,C04,2024-12-17,75
CHK04465,MB0636,C03,2024-11-23,75
CHK04466,MB0098,C02,2024-03-05,75
CHK04467,MB0060,C02,2024-04-03,75
CHK04468,MB0290,C03,2024-02-15,30
CHK04469,MB0742,C03,2024-09-29,75
CHK04470,MB0237,C06,2024-03-01,60
CHK04471,MB0330,C01,2024-07-19,75
CHK04472,MB0494,C01,2024-11-12,45
CHK04473,MB0732,C01,2024-01-16,45
CHK04474,MB0450,C08,2024-03-20,90
CHK04475,MB0216,C05,2024-06-27,90
CHK04476,MB0109,C08,2024-07-29,45
CHK04477,MB0391,C06,2024-01-10,75
CHK04478,MB0167,C08,2024-01-21,45
CHK04479,MB0333,C01,2024-07-13,90
CHK04480,MB0259,C08,2024-11-29,90
CHK04481,MB0505,C03,2024-12-19,60
CHK04482,MB0749,C06,2024-05-24,60
CHK04483,MB0137,C05,2024-06-07,45
CHK04484,MB0620,C03,2024-03-05,90
CHK04485,MB0126,C02,2024-06-18,30
CHK04486,MB0626,C01,2024-10-21,90
CHK04487,MB0108,C03,2024-10-01,45
CHK04488,MB0083,C01,2024-11-10,30
CHK04489,MB0278,C07,2024-11-01,75
CHK04490,MB0257,C02,2024-09-17,90
CHK04491,MB0195,C06,2024-05-10,30
CHK04492,MB0072,C05,2024-10-10,75
CHK04493,MB0563,C07,2024-02-08,30
CHK04494,MB0024,C02,2024-11-24,75
CHK04495,MB0132,C06,2024-11-02,75
CHK04496,MB0571,C08,2024-08-31,30
CHK04497,MB0300,C01,2024-05-01,90
CHK04498,MB0783,C05,2024-11-14,30
CHK04499,MB0243,C06,2024-06-21,45
CHK04500,MB0164,C06,2024-05-20,60
CHK04501,MB0545,C02,2024-08-19,45
CHK04502,MB0510,C05,2024-02-19,30
CHK04503,MB0086,C06,2024-11-24,60
CHK04504,MB0332,C06,2024-07-22,45
CHK04505,MB0151,C07,2024-06-13,60
CHK04506,MB0206,C03,2024-05-23,75
CHK04507,MB0237,C07,2024-09-23,90
CHK04508,MB0372,C07,2024-01-18,90
CHK04509,MB0465,C03,2024-05-06,60
CHK04510,MB0554,C07,2024-05-03,30
CHK04511,MB0031,C04,2024-06-10,60
CHK04512,MB0121,C01,2024-03-29,75
CHK04513,MB0726,C05,2024-08-23,45
CHK04514,MB0751,C06,2024-07-31,90
CHK04515,MB0713,C06,2024-08-22,45
CHK04516,MB0121,C01,2024-08-16,45
CHK04517,MB0569,C02,2024-10-17,45
CHK04518,MB0223,C02,2024-06-24,90
CHK04519,MB0571,C03,2024-10-01,45
CHK04520,MB0713,C02,2024-07-05,75
CHK04521,MB0279,C02,2024-08-28,60
CHK04522,MB0248,C06,2024-04-24,60
CHK04523,MB0421,C04,2024-04-23,45
CHK04524,MB0136,C07,2024-05-02,90
CHK04525,MB0288,C05,2024-08-12,90
CHK04526,MB0012,C01,2024-06-11,45
CHK04527,MB0540,C01,2024-08-24,45
CHK04528,MB0690,C05,2024-07-17,45
CHK04529,MB0794,C02,2024-11-15,60
CHK04530,MB0232,C01,2024-06-21,60
CHK04531,MB0292,C02,2024-03-13,75
CHK04532,MB0526,C04,2024-09-27,45
CHK04533,MB0126,C08,2024-09-15,45
CHK04534,MB0297,C06,2024-02-06,75
CHK04535,MB0568,C04,2024-02-26,45
CHK04536,MB0437,C04,2024-10-06,90
CHK04537,MB0433,C05,2024-02-20,60
CHK04538,MB0590,C03,2024-02-16,30
CHK04539,MB0243,C06,2024-02-06,60
CHK04540,MB0253,C02,2024-06-16,90
CHK04541,MB0543,C06,2024-10-19,75
CHK04542,MB0360,C02,2024-04-16,45
CHK04543,MB0353,C05,2024-07-29,90
CHK04544,MB0597,C03,2024-06-22,60
CHK04545,MB0184,C04,2024-04-17,90
CHK04546,MB0597,C07,2024-01-03,30
CHK04547,MB0535,C03,2024-08-20,45
CHK04548,MB0103,C08,2024-11-01,90
CHK04549,MB0287,C04,2024-03-11,90
CHK04550,MB0118,C08,2024-02-12,75
CHK04551,MB0608,C08,2024-12-19,90
CHK04552,MB0462,C04,2024-11-09,60
CHK04553,MB0083,C08,2024-02-10,60
CHK04554,MB0230,C03,2024-05-16,45
CHK04555,MB0628,C06,2024-03-05,60
CHK04556,MB0727,C04,2024-01-05,90
CHK04557,MB0194,C03,2024-10-18,60
CHK04558,MB0073,C08,2024-12-19,60
CHK04559,MB0293,C08,2024-09-21,45
CHK04560,MB0390,C08,2024-10-03,90
CHK04561,MB0442,C06,2024-09-21,60
CHK04562,MB0678,C02,2024-12-28,45
CHK04563,MB0698,C08,2024-11-23,75
CHK04564,MB0639,C04,2024-11-10,90
CHK04565,MB0538,C07,2024-04-12,60
CHK04566,MB0400,C08,2024-08-18,45
CHK04567,MB0641,C06,2024-02-04,60
CHK04568,MB0091,C08,2024-05-23,90
CHK04569,MB0425,C05,2024-09-18,75
CHK04570,MB0127,C01,2024-02-12,90
CHK04571,MB0210,C08,2024-06-27,75
CHK04572,MB0505,C01,2024-03-05,75
CHK04573,MB0655,C07,2024-07-27,90
CHK04574,MB0745,C06,2024-03-30,45
CHK04575,MB0609,C07,2024-12-16,30
CHK04576,MB0657,C02,2024-01-24,90
CHK04577,MB0280,C06,2024-10-26,45
CHK04578,MB0394,C01,2024-09-13,45
CHK04579,MB0180,C03,2024-08-26,90
CHK04580,MB0314,C02,2024-08-21,45
CHK04581,MB0146,C03,2024-07-17,75
CHK04582,MB0704,C03,2024-04-02,60
CHK04583,MB0424,C08,2024-07-16,60
CHK04584,MB0012,C05,2024-02-06,90
CHK04585,MB0535,C02,2024-05-04,75
CHK04586,MB0164,C03,2024-08-17,90
CHK04587,MB0141,C01,2024-03-16,45
CHK04588,MB0203,C02,2024-05-29,60
CHK04589,MB0714,C01,2024-12-22,75
CHK04590,MB0148,C01,2024-08-25,30
CHK04591,MB0040,C04,2024-05-21,90
CHK04592,MB0449,C08,2024-10-18,45
CHK04593,MB0468,C07,2024-04-20,45
CHK04594,MB0584,C01,2024-11-01,30
CHK04595,MB0260,C05,2024-06-19,60
CHK04596,MB0114,C06,2024-08-09,75
CHK04597,MB0452,C02,2024-06-14,45
CHK04598,MB0686,C07,2024-04-21,45
CHK04599,MB0462,C07,2024-10-02,90
CHK04600,MB0656,C07,2024-10-20,90
CHK04601,MB0046,C08,2024-12-16,60
CHK04602,MB0295,C06,2024-06-16,45
CHK04603,MB0374,C03,2024-12-23,60
CHK04604,MB0613,C08,2024-03-17,75
CHK04605,MB0404,C07,2024-10-25,60
CHK04606,MB0066,C05,2024-08-26,45
CHK04607,MB0108,C06,2024-12-21,45
CHK04608,MB0434,C08,2024-06-10,75
CHK04609,MB0698,C06,2024-04-14,30
CHK04610,MB0081,C08,2024-04-18,30
CHK04611,MB0776,C04,2024-12-21,45
CHK04612,MB0033,C06,2024-03-11,45
CHK04613,MB0345,C03,2024-04-13,30
CHK04614,MB0799,C06,2024-10-06,45
CHK04615,MB0048,C01,2024-08-29,75
CHK04616,MB0169,C04,2024-04-05,75
CHK04617,MB0606,C02,2024-07-03,45
CHK04618,MB0324,C06,2024-11-14,60
CHK04619,MB0372,C06,2024-07-05,90
CHK04620,MB0388,C02,2024-12-19,60
CHK04621,MB0369,C08,2024-04-15,60
CHK04622,MB0228,C07,2024-10-15,90
CHK04623,MB0145,C01,2024-11-29,75
CHK04624,MB0553,C03,2024-05-12,60
CHK04625,MB0342,C04,2024-05-28,45
CHK04626,MB0687,C07,2024-03-24,75
CHK04627,MB0363,C05,2024-07-02,45
CHK04628,MB0634,C04,2024-08-19,90
CHK04629,MB0308,C07,2024-12-09,30
CHK04630,MB0193,C07,2024-04-14,60
CHK04631,MB0343,C04,2024-06-05,90
CHK04632,MB0785,C08,2024-10-07,75
CHK04633,MB0069,C03,2024-11-26,60
CHK04634,MB0578,C07,2024-06-15,30
CHK04635,MB0482,C03,2024-09-27,30
CHK04636,MB0447,C06,2024-12-28,45
CHK04637,MB0433,C07,2024-12-05,90
CHK04638,MB0195,C03,2024-06-14,75
CHK04639,MB0599,C07,2024-10-02,45
CHK04640,MB0488,C01,2024-11-09,60
CHK04641,MB0255,C05,2024-05-13,90
CHK04642,MB0105,C08,2024-10-19,60
CHK04643,MB0423,C07,2024-06-30,30
CHK04644,MB0201,C07,2024-07-19,90
CHK04645,MB0596,C05,2024-05-01,60
CHK04646,MB0279,C05,2024-02-07,90
CHK04647,MB0718,C07,2024-06-25,30
CHK04648,MB0277,C01,2024-08-25,75
CHK04649,MB0102,C04,2024-03-11,90
CHK04650,MB0661,C08,2024-07-28,75
CHK04651,MB0380,C03,2024-01-13,30
CHK04652,MB0595,C05,2024-09-06,45
CHK04653,MB0380,C01,2024-12-13,75
CHK04654,MB0511,C02,2024-05-29,30
CHK04655,MB0543,C01,2024-04-02,75
CHK04656,MB0413,C03,2024-10-01,30
CHK04657,MB0562,C07,2024-05-28,45
CHK04658,MB0527,C07,2024-01-30,30
CHK04659,MB0668,C01,2024-01-25,45
CHK04660,MB0301,C06,2024-02-26,60
CHK04661,MB0430,C08,2024-07-30,45
CHK04662,MB0728,C01,2024-12-16,45
CHK04663,MB0026,C08,2024-12-07,30
CHK04664,MB0432,C04,2024-09-08,75
CHK04665,MB0302,C02,2024-05-17,45
CHK04666,MB0275,C05,2024-10-27,30
CHK04667,MB0508,C02,2024-05-19,30
CHK04668,MB0044,C08,2024-04-14,30
CHK04669,MB0272,C03,2024-08-01,60
CHK04670,MB0172,C04,2024-03-05,75
CHK04671,MB0015,C01,2024-02-18,30
CHK04672,MB0322,C04,2024-04-20,30
CHK04673,MB0218,C03,2024-06-14,60
CHK04674,MB0683,C02,2024-12-31,45
CHK04675,MB0508,C06,2024-03-19,75
CHK04676,MB0487,C08,2024-08-03,30
CHK04677,MB0012,C01,2024-06-10,45
CHK04678,MB0366,C04,2024-01-21,45
CHK04679,MB0099,C06,2024-11-13,75
CHK04680,MB0721,C06,2024-02-05,75
CHK04681,MB0001,C08,2024-05-31,60
CHK04682,MB0444,C05,2024-03-03,75
CHK04683,MB0142,C07,2024-09-08,90
CHK04684,MB0248,C08,2024-01-07,45
CHK04685,MB0024,C04,2024-05-04,75
CHK04686,MB0177,C04,2024-10-14,75
CHK04687,MB0579,C01,2024-05-05,60
CHK04688,MB0329,C02,2024-02-23,75
CHK04689,MB0171,C06,2024-06-16,30
CHK04690,MB0127,C02,2024-12-30,60
CHK04691,MB0526,C07,2024-12-30,60
CHK04692,MB0490,C01,2024-07-11,30
CHK04693,MB0022,C06,2024-10-26,45
CHK04694,MB0645,C08,2024-05-03,45
CHK04695,MB0466,C04,2024-06-27,75
CHK04696,MB0439,C05,2024-05-20,30
CHK04697,MB0548,C04,2024-11-17,60
CHK04698,MB0513,C02,2024-07-02,30
CHK04699,MB0320,C03,2024-08-10,45
CHK04700,MB0775,C08,2024-05-15,30
CHK04701,MB0390,C03,2024-01-11,60
CHK04702,MB0031,C01,2024-07-31,30
CHK04703,MB0013,C07,2024-12-04,30
CHK04704,MB0397,C02,2024-01-10,90
CHK04705,MB0516,C08,2024-06-20,90
CHK04706,MB0582,C02,2024-09-10,45
CHK04707,MB0771,C01,2024-01-01,45
CHK04708,MB0539,C02,2024-08-11,30
CHK04709,MB0416,C04,2024-12-15,75
CHK04710,MB0561,C05,2024-10-07,60
CHK04711,MB0037,C07,2024-09-23,90
CHK04712,MB0098,C01,2024-10-26,75
CHK04713,MB0415,C02,2024-05-23,60
CHK04714,MB0243,C01,2024-01-07,30
CHK04715,MB0727,C06,2024-06-08,75
CHK04716,MB0758,C06,2024-04-04,75
CHK04717,MB0305,C03,2024-04-16,30
CHK04718,MB0576,C03,2024-04-24,30
CHK04719,MB0103,C02,2024-10-23,60
CHK04720,MB0100,C07,2024-06-28,30
CHK04721,MB0365,C04,2024-01-29,30
CHK04722,MB0540,C06,2024-01-03,75
CHK04723,MB0128,C01,2024-01-17,60
CHK04724,MB0516,C03,2024-01-27,30
CHK04725,MB0158,C04,2024-12-22,45
CHK04726,MB0509,C01,2024-10-12,60
CHK04727,MB0798,C04,2024-03-06,75
CHK04728,MB0030,C05,2024-08-22,90
CHK04729,MB0010,C06,2024-08-12,75
CHK04730,MB0630,C06,2024-08-04,45
CHK04731,MB0246,C07,2024-12-15,30
CHK04732,MB0422,C05,2024-12-01,90
CHK04733,MB0654,C05,2024-01-23,60
CHK04734,MB0137,C08,2024-12-09,30
CHK04735,MB0379,C04,2024-02-17,60
CHK04736,MB0059,C01,2024-04-19,60
CHK04737,MB0508,C01,2024-08-13,75
CHK04738,MB0008,C06,2024-08-03,75
CHK04739,MB0621,C08,2024-02-17,45
CHK04740,MB0431,C06,2024-01-29,30
CHK04741,MB0646,C02,2024-07-09,45
CHK04742,MB0258,C03,2024-05-29,75
CHK04743,MB0008,C01,2024-09-11,90
CHK04744,MB0746,C05,2024-06-28,75
CHK04745,MB0284,C04,2024-04-23,60
CHK04746,MB0782,C05,2024-09-26,90
CHK04747,MB0494,C02,2024-10-18,75
CHK04748,MB0628,C08,2024-08-15,90
CHK04749,MB0473,C01,2024-03-17,60
CHK04750,MB0677,C02,2024-10-24,90
CHK04751,MB0129,C04,2024-08-04,60
CHK04752,MB0791,C02,2024-10-15,30
CHK04753,MB0004,C06,2024-07-22,75
CHK04754,MB0167,C04,2024-12-28,75
CHK04755,MB0726,C03,2024-05-02,30
CHK04756,MB0276,C04,2024-04-12,45
CHK04757,MB0492,C04,2024-11-05,30
CHK04758,MB0110,C08,2024-10-03,30
CHK04759,MB0291,C05,2024-03-08,60
CHK04760,MB0476,C02,2024-03-16,45
CHK04761,MB0595,C05,2024-06-10,75
CHK04762,MB0293,C05,2024-02-13,75
CHK04763,MB0021,C01,2024-03-22,90
CHK04764,MB0773,C03,2024-10-07,75
CHK04765,MB0445,C08,2024-09-24,45
CHK04766,MB0619,C03,2024-11-16,45
CHK04767,MB0700,C04,2024-11-11,90
CHK04768,MB0423,C08,2024-11-08,30
CHK04769,MB0304,C08,2024-04-24,60
CHK04770,MB0257,C07,2024-10-27,45
CHK04771,MB0603,C05,2024-10-11,30
CHK04772,MB0679,C08,2024-03-08,45
CHK04773,MB0447,C03,2024-01-05,60
CHK04774,MB0688,C04,2024-07-18,90
CHK04775,MB0222,C01,2024-06-29,60
CHK04776,MB0264,C05,2024-11-01,30
CHK04777,MB0017,C07,2024-01-21,75
CHK04778,MB0602,C02,2024-07-04,60
CHK04779,MB0369,C06,2024-03-27,60
CHK04780,MB0565,C03,2024-12-27,45
CHK04781,MB0768,C06,2024-06-25,60
CHK04782,MB0775,C05,2024-07-17,90
CHK04783,MB0345,C05,2024-07-19,90
CHK04784,MB0225,C02,2024-12-25,45
CHK04785,MB0211,C01,2024-07-23,45
CHK04786,MB0752,C05,2024-01-04,75
CHK04787,MB0684,C04,2024-07-06,90
CHK04788,MB0562,C08,2024-03-28,60
CHK04789,MB0423,C04,2024-01-13,75
CHK04790,MB0410,C01,2024-08-25,75
CHK04791,MB0685,C02,2024-01-10,75
CHK04792,MB0109,C08,2024-01-27,45
CHK04793,MB0194,C03,2024-04-25,75
CHK04794,MB0757,C02,2024-02-05,90
CHK04795,MB0592,C07,2024-02-25,75
CHK04796,MB0734,C07,2024-04-25,75
CHK04797,MB0737,C06,2024-07-10,90
CHK04798,MB0296,C06,2024-02-14,45
CHK04799,MB0189,C02,2024-06-02,45
CHK04800,MB0589,C03,2024-04-11,60
CHK04801,MB0608,C06,2024-10-23,30
CHK04802,MB0595,C01,2024-07-22,30
CHK04803,MB0291,C05,2024-02-12,75
CHK04804,MB0700,C05,2024-06-20,45
CHK04805,MB0711,C05,2024-03-14,45
CHK04806,MB0059,C04,2024-09-29,45
CHK04807,MB0639,C04,2024-05-10,30
CHK04808,MB0532,C05,2024-02-03,30
CHK04809,MB0274,C08,2024-03-14,60
CHK04810,MB0734,C07,2024-05-15,75
CHK04811,MB0666,C04,2024-09-13,45
CHK04812,MB0521,C04,2024-10-12,90
CHK04813,MB0415,C02,2024-07-19,60
CHK04814,MB0787,C05,2024-11-06,45
CHK04815,MB0463,C06,2024-06-04,60
CHK04816,MB0641,C07,2024-02-20,30
CHK04817,MB0277,C08,2024-11-05,45
CHK04818,MB0322,C03,2024-03-21,90
CHK04819,MB0496,C07,2024-09-09,75
CHK04820,MB0501,C06,2024-12-31,90
CHK04821,MB0251,C07,2024-06-17,75
CHK04822,MB0580,C02,2024-06-25,75
CHK04823,MB0424,C06,2024-11-05,90
CHK04824,MB0318,C02,2024-11-19,45
CHK04825,MB0799,C04,2024-04-20,90
CHK04826,MB0414,C05,2024-12-26,60
CHK04827,MB0402,C01,2024-08-13,60
CHK04828,MB0568,C04,2024-10-10,60
CHK04829,MB0208,C01,2024-10-08,75
CHK04830,MB0024,C04,2024-10-12,45
CHK04831,MB0453,C02,2024-05-27,90
CHK04832,MB0495,C06,2024-01-30,75
CHK04833,MB0328,C02,2024-07-12,90
CHK04834,MB0505,C05,2024-06-12,90
CHK04835,MB0023,C05,2024-04-09,30
CHK04836,MB0733,C08,2024-03-19,60
CHK04837,MB0088,C03,2024-08-28,30
CHK04838,MB0058,C01,2024-06-21,90
CHK04839,MB0130,C06,2024-06-01,30
CHK04840,MB0143,C03,2024-04-21,60
CHK04841,MB0404,C04,2024-03-22,90
CHK04842,MB0463,C01,2024-04-17,30
CHK04843,MB0337,C02,2024-09-03,60
CHK04844,MB0625,C03,2024-12-03,90
CHK04845,MB0005,C08,2024-04-26,75
CHK04846,MB0447,C04,2024-06-15,30
CHK04847,MB0017,C02,2024-12-21,30
CHK04848,MB0003,C04,2024-07-09,90
CHK04849,MB0418,C02,2024-07-24,75
CHK04850,MB0584,C08,2024-09-06,45
CHK04851,MB0486,C03,2024-11-25,75
CHK04852,MB0328,C05,2024-02-24,45
CHK04853,MB0280,C06,2024-12-15,60
CHK04854,MB0657,C05,2024-12-15,90
CHK04855,MB0382,C08,2024-06-03,30
CHK04856,MB0174,C02,2024-02-03,60
CHK04857,MB0142,C02,2024-11-27,45
CHK04858,MB0720,C04,2024-06-21,90
CHK04859,MB0331,C02,2024-06-06,30
CHK04860,MB0630,C03,2024-05-25,90
CHK04861,MB0271,C08,2024-01-16,75
CHK04862,MB0292,C08,2024-11-18,60
CHK04863,MB0312,C04,2024-11-26,30
CHK04864,MB0054,C03,2024-11-08,45
CHK04865,MB0403,C01,2024-10-25,90
CHK04866,MB0039,C08,2024-07-26,45
CHK04867,MB0731,C05,2024-05-18,30
CHK04868,MB0281,C07,2024-05-03,60
CHK04869,MB0743,C06,2024-10-12,60
CHK04870,MB0330,C01,2024-02-03,45
CHK04871,MB0367,C04,2024-09-11,30
CHK04872,MB0686,C03,2024-09-27,75
CHK04873,MB0634,C08,2024-06-11,60
CHK04874,MB0756,C02,2024-08-08,90
CHK04875,MB0176,C05,2024-11-14,60
CHK04876,MB0190,C08,2024-04-29,60
CHK04877,MB0290,C01,2024-04-27,90
CHK04878,MB0473,C04,2024-05-15,45
CHK04879,MB0021,C06,2024-02-01,60
CHK04880,MB0175,C04,2024-09-30,75
CHK04881,MB0715,C05,2024-04-12,45
CHK04882,MB0245,C07,2024-03-30,90
CHK04883,MB0040,C08,2024-05-29,30
CHK04884,MB0080,C08,2024-09-06,75
CHK04885,MB0567,C02,2024-05-12,75
CHK04886,MB0297,C03,2024-02-28,30
CHK04887,MB0578,C04,2024-06-05,45
CHK04888,MB0392,C06,2024-05-20,90
CHK04889,MB0092,C05,2024-06-17,45
CHK04890,MB0460,C07,2024-07-11,30
CHK04891,MB0727,C06,2024-01-11,30
CHK04892,MB0628,C06,2024-12-17,90
CHK04893,MB0461,C04,2024-04-23,75
CHK04894,MB0173,C08,2024-09-04,45
CHK04895,MB0604,C02,2024-08-04,75
CHK04896,MB0789,C05,2024-11-20,30
CHK04897,MB0514,C02,2024-08-02,30
CHK04898,MB0224,C01,2024-04-18,60
CHK04899,MB0322,C06,2024-06-17,90
CHK04900,MB0671,C05,2024-01-05,75
CHK04901,MB0315,C08,2024-05-23,30
CHK04902,MB0155,C05,2024-08-02,60
CHK04903,MB0605,C06,2024-10-21,45
CHK04904,MB0371,C01,2024-09-14,75
CHK04905,MB0741,C04,2024-07-01,60
CHK04906,MB0417,C04,2024-01-22,45
CHK04907,MB0219,C03,2024-03-07,30
CHK04908,MB0237,C04,2024-05-12,60
CHK04909,MB0696,C05,2024-04-24,60
CHK04910,MB0186,C01,2024-11-02,90
CHK04911,MB0040,C01,2024-12-27,75
CHK04912,MB0297,C07,2024-04-21,75
CHK04913,MB0371,C04,2024-08-13,90
CHK04914,MB0024,C03,2024-03-02,60
CHK04915,MB0086,C01,2024-03-02,45
CHK04916,MB0015,C01,2024-07-29,75
CHK04917,MB0399,C04,2024-09-23,75
CHK04918,MB0192,C04,2024-06-10,60
CHK04919,MB0210,C08,2024-12-29,90
CHK04920,MB0523,C08,2024-02-21,45
CHK04921,MB0346,C01,2024-12-06,60
CHK04922,MB0751,C05,2024-06-12,90
CHK04923,MB0068,C07,2024-07-16,30
CHK04924,MB0064,C05,2024-06-28,30
CHK04925,MB0550,C05,2024-11-24,90
CHK04926,MB0443,C04,2024-02-05,75
CHK04927,MB0261,C03,2024-12-25,30
CHK04928,MB0674,C04,2024-05-10,75
CHK04929,MB0539,C07,2024-07-25,90
CHK04930,MB0701,C03,2024-07-26,45
CHK04931,MB0660,C08,2024-10-12,90
CHK04932,MB0780,C03,2024-03-26,75
CHK04933,MB0591,C02,2024-07-26,75
CHK04934,MB0079,C07,2024-12-05,60
CHK04935,MB0473,C07,2024-11-23,90
CHK04936,MB0799,C02,2024-03-27,75
CHK04937,MB0752,C03,2024-08-17,60
CHK04938,MB0151,C02,2024-05-24,90
CHK04939,MB0602,C03,2024-07-26,60
CHK04940,MB0033,C08,2024-03-09,30
CHK04941,MB0573,C02,2024-03-27,45
CHK04942,MB0378,C06,2024-05-26,45
CHK04943,MB0279,C04,2024-02-09,45
CHK04944,MB0785,C02,2024-09-04,90
CHK04945,MB0489,C01,2024-10-31,30
CHK04946,MB0239,C04,2024-05-19,60
CHK04947,MB0212,C04,2024-04-28,30
CHK04948,MB0349,C02,2024-09-16,60
CHK04949,MB0286,C04,2024-10-09,90
CHK04950,MB0243,C07,2024-04-17,45
CHK04951,MB0312,C05,2024-04-20,30
CHK04952,MB0174,C05,2024-02-29,75
CHK04953,MB0076,C05,2024-03-31,30
CHK04954,MB0173,C07,2024-09-14,45
CHK04955,MB0539,C05,2024-07-06,75
CHK04956,MB0712,C03,2024-12-27,90
CHK04957,MB0195,C05,2024-08-03,60
CHK04958,MB0232,C04,2024-02-11,90
CHK04959,MB0437,C08,2024-08-09,30
CHK04960,MB0045,C04,2024-08-20,60
CHK04961,MB0080,C01,2024-11-24,30
CHK04962,MB0162,C05,2024-06-01,30
CHK04963,MB0791,C02,2024-06-29,90
CHK04964,MB0108,C08,2024-01-04,45
CHK04965,MB0413,C08,2024-05-06,75
CHK04966,MB0308,C01,2024-07-20,30
CHK04967,MB0645,C05,2024-03-05,60
CHK04968,MB0705,C05,2024-10-24,75
CHK04969,MB0382,C01,2024-06-11,90
CHK04970,MB0606,C07,2024-02-29,30
CHK04971,MB0610,C07,2024-10-22,75
CHK04972,MB0530,C04,2024-06-03,60
CHK04973,MB0607,C01,2024-03-22,75
CHK04974,MB0411,C05,2024-01-18,60
CHK04975,MB0128,C04,2024-12-20,60
CHK04976,MB0453,C02,2024-03-08,30
CHK04977,MB0215,C06,2024-09-10,75
CHK04978,MB0577,C07,2024-10-24,90
CHK04979,MB0065,C08,2024-08-23,30
CHK04980,MB0749,C08,2024-08-27,45
CHK04981,MB0721,C01,2024-02-04,90
CHK04982,MB0507,C01,2024-11-08,90
CHK04983,MB0796,C03,2024-10-03,75
CHK04984,MB0231,C08,2024-01-26,60
CHK04985,MB0213,C05,2024-12-04,45
CHK04986,MB0048,C05,2024-07-27,90
CHK04987,MB0154,C03,2024-10-24,75
CHK04988,MB0264,C08,2024-10-25,60
CHK04989,MB0673,C02,2024-05-16,90
CHK04990,MB0300,C02,2024-03-31,90
CHK04991,MB0327,C01,2024-05-22,75
CHK04992,MB0402,C07,2024-03-11,75
CHK04993,MB0312,C05,2024-08-10,75
CHK04994,MB0646,C07,2024-04-17,30
CHK04995,MB0631,C08,2024-07-03,30
CHK04996,MB0409,C08,2024-01-17,60
CHK04997,MB0257,C07,2024-09-06,60
CHK04998,MB0605,C03,2024-06-09,30
CHK04999,MB0400,C08,2024-09-14,60
CHK05000,MB0762,C03,2024-04-01,60
CHK05001,MB0207,C01,2024-11-30,75
CHK05002,MB0724,C02,2024-07-11,75
CHK05003,MB0774,C02,2024-06-01,45
CHK05004,MB0325,C07,2024-01-28,60
CHK05005,MB0612,C04,2024-02-03,30
CHK05006,MB0664,C04,2024-01-03,75
CHK05007,MB0189,C08,2024-02-13,60
CHK05008,MB0257,C08,2024-09-30,45
CHK05009,MB0779,C06,2024-12-13,75
CHK05010,MB0488,C07,2024-05-23,90
CHK05011,MB0200,C02,2024-04-26,75
CHK05012,MB0470,C06,2024-12-06,60
CHK05013,MB0713,C07,2024-11-27,75
CHK05014,MB0255,C03,2024-08-25,75
CHK05015,MB0702,C05,2024-11-26,30
CHK05016,MB0311,C08,2024-02-07,75
CHK05017,MB0634,C06,2024-08-31,60
CHK05018,MB0762,C07,2024-06-05,30
CHK05019,MB0072,C03,2024-06-18,75
CHK05020,MB0493,C08,2024-03-20,45
CHK05021,MB0772,C05,2024-12-05,30
CHK05022,MB0768,C03,2024-01-14,90
CHK05023,MB0345,C01,2024-04-12,90
CHK05024,MB0731,C01,2024-12-19,30
CHK05025,MB0572,C03,2024-02-01,75
CHK05026,MB0464,C06,2024-03-25,90
CHK05027,MB0625,C06,2024-09-07,75
CHK05028,MB0456,C02,2024-12-20,30
CHK05029,MB0241,C04,2024-01-07,90
CHK05030,MB0283,C07,2024-06-01,75
CHK05031,MB0307,C04,2024-12-07,30
CHK05032,MB0321,C07,2024-05-26,30
CHK05033,MB0217,C04,2024-04-25,75
CHK05034,MB0735,C08,2024-02-18,90
CHK05035,MB0642,C06,2024-08-20,60
CHK05036,MB0698,C01,2024-05-22,60
CHK05037,MB0297,C04,2024-03-12,60
CHK05038,MB0255,C04,2024-12-27,75
CHK05039,MB0171,C08,2024-09-23,45
CHK05040,MB0566,C07,2024-03-19,90
CHK05041,MB0405,C02,2024-03-17,45
CHK05042,MB0382,C02,2024-01-28,30
CHK05043,MB0313,C03,2024-10-20,75
CHK05044,MB0375,C03,2024-10-27,75
CHK05045,MB0291,C04,2024-11-22,75
CHK05046,MB0752,C06,2024-12-06,90
CHK05047,MB0592,C07,2024-12-11,60
CHK05048,MB0257,C08,2024-11-07,30
CHK05049,MB0357,C04,2024-11-08,60
CHK05050,MB0539,C04,2024-06-13,60
CHK05051,MB0574,C01,2024-08-18,75
CHK05052,MB0686,C06,2024-04-28,45
CHK05053,MB0626,C08,2024-01-26,45
CHK05054,MB0529,C02,2024-12-22,75
CHK05055,MB0423,C07,2024-09-17,45
CHK05056,MB0200,C08,2024-12-22,75
CHK05057,MB0106,C07,2024-05-12,60
CHK05058,MB0111,C01,2024-10-01,90
CHK05059,MB0082,C07,2024-07-01,75
CHK05060,MB0673,C08,2024-08-13,45
CHK05061,MB0498,C03,2024-10-01,60
CHK05062,MB0069,C01,2024-04-16,60
CHK05063,MB0419,C03,2024-06-22,60
CHK05064,MB0622,C04,2024-11-21,45
CHK05065,MB0480,C04,2024-03-30,30
CHK05066,MB0329,C07,2024-08-12,75
CHK05067,MB0683,C01,2024-03-31,90
CHK05068,MB0702,C03,2024-02-09,75
CHK05069,MB0410,C04,2024-09-04,75
CHK05070,MB0058,C08,2024-03-10,60
CHK05071,MB0198,C05,2024-08-16,75
CHK05072,MB0272,C08,2024-05-10,45
CHK05073,MB0364,C05,2024-08-25,60
CHK05074,MB0055,C04,2024-04-03,90
CHK05075,MB0447,C02,2024-07-19,30
CHK05076,MB0444,C02,2024-07-18,60
CHK05077,MB0190,C05,2024-05-26,75
CHK05078,MB0556,C06,2024-09-12,90
CHK05079,MB0638,C05,2024-07-09,30
CHK05080,MB0557,C03,2024-03-01,45
CHK05081,MB0100,C07,2024-04-09,30
CHK05082,MB0624,C02,2024-03-14,60
CHK05083,MB0751,C01,2024-08-10,60
CHK05084,MB0003,C07,2024-08-15,45
CHK05085,MB0052,C08,2024-01-12,90
CHK05086,MB0579,C01,2024-03-07,75
CHK05087,MB0156,C06,2024-10-28,75
CHK05088,MB0397,C05,2024-10-09,30
CHK05089,MB0330,C01,2024-03-01,75
CHK05090,MB0300,C02,2024-06-05,60
CHK05091,MB0295,C03,2024-08-16,75
CHK05092,MB0680,C07,2024-07-10,75
CHK05093,MB0281,C07,2024-08-08,45
CHK05094,MB0586,C06,2024-05-23,90
CHK05095,MB0659,C02,2024-07-05,60
CHK05096,MB0763,C07,2024-10-18,45
CHK05097,MB0386,C05,2024-08-24,75
CHK05098,MB0076,C03,2024-11-10,30
CHK05099,MB0761,C03,2024-08-12,60
CHK05100,MB0260,C05,2024-03-13,45
CHK05101,MB0751,C04,2024-09-11,90
CHK05102,MB0571,C04,2024-10-16,90
CHK05103,MB0070,C01,2024-10-10,45
CHK05104,MB0740,C04,2024-09-16,60
CHK05105,MB0007,C05,2024-10-16,75
CHK05106,MB0548,C08,2024-11-06,30
CHK05107,MB0335,C03,2024-12-07,75
CHK05108,MB0708,C05,2024-10-12,75
CHK05109,MB0072,C05,2024-12-23,45
CHK05110,MB0658,C06,2024-06-20,60
CHK05111,MB0320,C04,2024-03-18,90
CHK05112,MB0587,C03,2024-05-03,75
CHK05113,MB0486,C01,2024-06-18,45
CHK05114,MB0658,C04,2024-03-02,90
CHK05115,MB0385,C04,2024-09-20,75
CHK05116,MB0605,C01,2024-11-06,75
CHK05117,MB0411,C02,2024-05-20,75
CHK05118,MB0608,C05,2024-05-11,75
CHK05119,MB0316,C03,2024-09-24,60
CHK05120,MB0053,C01,2024-09-16,30
CHK05121,MB0298,C07,2024-06-22,90
CHK05122,MB0421,C02,2024-08-26,60
CHK05123,MB0401,C05,2024-05-12,75
CHK05124,MB0081,C08,2024-04-01,90
CHK05125,MB0107,C08,2024-08-17,90
CHK05126,MB0346,C08,2024-02-19,60
CHK05127,MB0146,C02,2024-12-01,90
CHK05128,MB0741,C07,2024-08-26,45
CHK05129,MB0358,C04,2024-04-16,30
CHK05130,MB0518,C07,2024-10-13,75
CHK05131,MB0399,C05,2024-05-20,60
CHK05132,MB0762,C02,2024-09-26,30
CHK05133,MB0177,C05,2024-06-11,60
CHK05134,MB0003,C02,2024-04-03,75
CHK05135,MB0694,C06,2024-06-03,60
CHK05136,MB0672,C05,2024-04-01,60
CHK05137,MB0176,C06,2024-11-09,90
CHK05138,MB0601,C07,2024-03-15,30
CHK05139,MB0508,C03,2024-06-29,30
CHK05140,MB0219,C06,2024-08-10,45
CHK05141,MB0084,C06,2024-07-04,30
CHK05142,MB0800,C02,2024-10-18,30
CHK05143,MB0261,C02,2024-12-28,90
CHK05144,MB0109,C07,2024-11-22,45
CHK05145,MB0283,C04,2024-12-08,60
CHK05146,MB0529,C04,2024-10-07,30
CHK05147,MB0456,C04,2024-05-23,75
CHK05148,MB0670,C03,2024-11-10,45
CHK05149,MB0518,C05,2024-08-14,90
CHK05150,MB0661,C01,2024-01-12,45
CHK05151,MB0756,C01,2024-01-03,45
CHK05152,MB0600,C03,2024-11-07,90
CHK05153,MB0584,C06,2024-02-05,90
CHK05154,MB0610,C01,2024-05-12,75
CHK05155,MB0415,C02,2024-02-06,45
CHK05156,MB0088,C07,2024-08-07,60
CHK05157,MB0047,C05,2024-06-19,45
CHK05158,MB0005,C08,2024-08-09,45
CHK05159,MB0243,C07,2024-05-24,45
CHK05160,MB0296,C02,2024-02-05,45
CHK05161,MB0787,C08,2024-05-09,75
CHK05162,MB0532,C01,2024-05-10,60
CHK05163,MB0121,C03,2024-01-22,90
CHK05164,MB0022,C02,2024-03-20,30
CHK05165,MB0484,C05,2024-08-11,45
CHK05166,MB0290,C01,2024-03-12,45
CHK05167,MB0476,C04,2024-02-21,90
CHK05168,MB0783,C08,2024-04-30,75
CHK05169,MB0495,C01,2024-05-22,75
CHK05170,MB0439,C03,2024-10-01,75
CHK05171,MB0707,C02,2024-10-05,75
CHK05172,MB0258,C06,2024-11-03,30
CHK05173,MB0265,C05,2024-04-09,60
CHK05174,MB0752,C06,2024-09-04,45
CHK05175,MB0538,C02,2024-06-02,60
CHK05176,MB0377,C07,2024-10-15,45
CHK05177,MB0436,C05,2024-05-31,75
CHK05178,MB0583,C08,2024-09-20,45
CHK05179,MB0171,C07,2024-05-23,60
CHK05180,MB0274,C04,2024-01-24,75
CHK05181,MB0525,C08,2024-10-28,60
CHK05182,MB0500,C02,2024-06-14,30
CHK05183,MB0327,C08,2024-03-09,60
CHK05184,MB0525,C04,2024-01-17,60
CHK05185,MB0088,C02,2024-07-13,45
CHK05186,MB0293,C02,2024-05-07,75
CHK05187,MB0228,C06,2024-03-26,45
CHK05188,MB0272,C08,2024-01-07,75
CHK05189,MB0690,C02,2024-05-28,90
CHK05190,MB0164,C05,2024-05-28,75
CHK05191,MB0242,C05,2024-01-23,90
CHK05192,MB0173,C05,2024-06-01,30
CHK05193,MB0462,C05,2024-10-20,45
CHK05194,MB0321,C05,2024-09-14,60
CHK05195,MB0136,C01,2024-05-05,30
CHK05196,MB0639,C08,2024-06-12,60
CHK05197,MB0505,C03,2024-04-23,75
CHK05198,MB0056,C01,2024-12-29,45
CHK05199,MB0493,C03,2024-01-16,30
CHK05200,MB0053,C04,2024-09-16,45
CHK05201,MB0251,C05,2024-04-21,30
CHK05202,MB0117,C02,2024-05-18,60
CHK05203,MB0644,C08,2024-11-08,45
CHK05204,MB0771,C01,2024-09-20,75
CHK05205,MB0521,C05,2024-07-14,60
CHK05206,MB0059,C08,2024-06-08,75
CHK05207,MB0283,C02,2024-04-09,90
CHK05208,MB0329,C03,2024-03-29,45
CHK05209,MB0735,C01,2024-01-08,75
CHK05210,MB0082,C07,2024-05-13,30
CHK05211,MB0465,C08,2024-06-02,75
CHK05212,MB0535,C07,2024-12-09,90
CHK05213,MB0067,C05,2024-05-20,75
CHK05214,MB0316,C01,2024-02-29,60
CHK05215,MB0261,C05,2024-05-12,30
CHK05216,MB0210,C01,2024-06-27,30
CHK05217,MB0495,C07,2024-05-14,60
CHK05218,MB0525,C04,2024-10-30,45
CHK05219,MB0355,C03,2024-03-26,60
CHK05220,MB0102,C07,2024-02-02,45
CHK05221,MB0740,C08,2024-05-13,90
CHK05222,MB0082,C05,2024-08-03,75
CHK05223,MB0271,C08,2024-01-30,75
CHK05224,MB0353,C04,2024-07-27,75
CHK05225,MB0550,C07,2024-12-25,75
CHK05226,MB0373,C02,2024-06-18,45
CHK05227,MB0727,C07,2024-10-05,45
CHK05228,MB0274,C02,2024-11-24,90
CHK05229,MB0442,C02,2024-01-19,30
CHK05230,MB0141,C08,2024-04-29,60
CHK05231,MB0753,C08,2024-09-20,30
CHK05232,MB0089,C03,2024-09-12,45
CHK05233,MB0709,C03,2024-03-11,90
CHK05234,MB0047,C05,2024-07-19,45
CHK05235,MB0344,C04,2024-11-22,45
CHK05236,MB0013,C01,2024-06-20,30
CHK05237,MB0207,C08,2024-10-12,45
CHK05238,MB0253,C07,2024-08-12,45
CHK05239,MB0082,C02,2024-09-24,90
CHK05240,MB0169,C08,2024-01-22,60
CHK05241,MB0584,C05,2024-09-19,60
CHK05242,MB0471,C01,2024-09-25,45
CHK05243,MB0342,C05,2024-12-06,45
CHK05244,MB0632,C06,2024-02-08,75
CHK05245,MB0456,C07,2024-03-17,60
CHK05246,MB0253,C08,2024-06-26,75
CHK05247,MB0703,C01,2024-10-08,75
CHK05248,MB0294,C07,2024-09-21,45
CHK05249,MB0439,C01,2024-06-10,60
CHK05250,MB0244,C06,2024-05-16,60
CHK05251,MB0683,C07,2024-04-23,60
CHK05252,MB0042,C08,2024-07-24,75
CHK05253,MB0323,C01,2024-12-11,60
CHK05254,MB0234,C06,2024-11-04,45
CHK05255,MB0597,C06,2024-04-06,60
CHK05256,MB0284,C03,2024-03-01,60
CHK05257,MB0589,C08,2024-06-08,60
CHK05258,MB0212,C07,2024-12-09,45
CHK05259,MB0533,C01,2024-07-30,75
CHK05260,MB0658,C02,2024-05-24,90
CHK05261,MB0754,C02,2024-12-13,90
CHK05262,MB0716,C07,2024-01-21,30
CHK05263,MB0458,C08,2024-09-23,30
CHK05264,MB0774,C08,2024-04-17,90
CHK05265,MB0645,C02,2024-12-20,75
CHK05266,MB0191,C02,2024-10-05,75
CHK05267,MB0730,C02,2024-01-21,30
CHK05268,MB0343,C07,2024-10-11,60
CHK05269,MB0359,C08,2024-06-12,75
CHK05270,MB0563,C05,2024-03-01,90
CHK05271,MB0165,C04,2024-03-20,75
CHK05272,MB0770,C02,2024-04-19,30
CHK05273,MB0230,C08,2024-06-04,45
CHK05274,MB0453,C06,2024-11-06,30
CHK05275,MB0169,C04,2024-07-20,30
CHK05276,MB0457,C01,2024-07-03,60
CHK05277,MB0615,C04,2024-10-29,60
CHK05278,MB0129,C08,2024-10-21,60
CHK05279,MB0415,C05,2024-03-05,75
CHK05280,MB0698,C07,2024-12-06,30
CHK05281,MB0359,C05,2024-10-21,45
CHK05282,MB0537,C02,2024-11-18,90
CHK05283,MB0282,C07,2024-05-25,60
CHK05284,MB0315,C06,2024-09-17,30
CHK05285,MB0695,C02,2024-08-09,45
CHK05286,MB0461,C06,2024-05-24,90
CHK05287,MB0511,C05,2024-11-21,60
CHK05288,MB0243,C05,2024-09-12,45
CHK05289,MB0163,C05,2024-05-30,45
CHK05290,MB0255,C08,2024-07-24,90
CHK05291,MB0475,C02,2024-12-16,75
CHK05292,MB0181,C02,2024-08-11,60
CHK05293,MB0540,C05,2024-02-28,75
CHK05294,MB0601,C04,2024-10-24,45
CHK05295,MB0297,C01,2024-12-11,45
CHK05296,MB0668,C05,2024-02-14,90
CHK05297,MB0214,C07,2024-06-11,30
CHK05298,MB0395,C02,2024-08-04,90
CHK05299,MB0462,C06,2024-02-03,60
CHK05300,MB0735,C07,2024-03-31,75
CHK05301,MB0135,C03,2024-09-22,75
CHK05302,MB0469,C04,2024-02-03,90
CHK05303,MB0056,C03,2024-11-18,75
CHK05304,MB0574,C01,2024-12-17,90
CHK05305,MB0669,C08,2024-04-10,30
CHK05306,MB0294,C01,2024-09-21,90
CHK05307,MB0498,C06,2024-10-07,75
CHK05308,MB0712,C02,2024-04-26,60
CHK05309,MB0259,C05,2024-03-25,30
CHK05310,MB0146,C02,2024-06-23,75
CHK05311,MB0633,C07,2024-07-17,90
CHK05312,MB0520,C06,2024-10-18,90
CHK05313,MB0760,C02,2024-10-05,90
CHK05314,MB0561,C03,2024-08-25,45
CHK05315,MB0568,C08,2024-06-16,45
CHK05316,MB0374,C01,2024-07-18,60
CHK05317,MB0627,C02,2024-11-13,90
CHK05318,MB0163,C06,2024-08-20,75
CHK05319,MB0782,C08,2024-07-24,60
CHK05320,MB0539,C07,2024-03-13,75
CHK05321,MB0404,C06,2024-05-14,90
CHK05322,MB0573,C01,2024-01-17,30
CHK05323,MB0746,C05,2024-01-12,75
CHK05324,MB0139,C08,2024-12-24,60
CHK05325,MB0004,C04,2024-11-04,45
CHK05326,MB0583,C05,2024-11-15,75
CHK05327,MB0343,C03,2024-03-17,30
CHK05328,MB0752,C03,2024-07-18,45
CHK05329,MB0128,C04,2024-07-31,75
CHK05330,MB0303,C05,2024-04-18,45
CHK05331,MB0323,C07,2024-06-13,45
CHK05332,MB0358,C04,2024-01-23,90
CHK05333,MB0086,C08,2024-10-02,60
CHK05334,MB0620,C06,2024-01-28,75
CHK05335,MB0603,C02,2024-08-31,90
CHK05336,MB0482,C04,2024-07-17,45
CHK05337,MB0340,C05,2024-05-03,90
CHK05338,MB0227,C01,2024-01-14,45
CHK05339,MB0435,C01,2024-11-15,60
CHK05340,MB0686,C03,2024-09-12,75
CHK05341,MB0578,C01,2024-03-06,60
CHK05342,MB0512,C02,2024-10-10,60
CHK05343,MB0564,C04,2024-11-15,60
CHK05344,MB0136,C06,2024-12-04,45
CHK05345,MB0341,C06,2024-11-02,75
CHK05346,MB0539,C03,2024-12-18,60
CHK05347,MB0408,C07,2024-08-15,75
CHK05348,MB0603,C02,2024-01-14,90
CHK05349,MB0110,C06,2024-12-28,75
CHK05350,MB0308,C05,2024-09-13,75
CHK05351,MB0014,C06,2024-12-09,60
CHK05352,MB0235,C04,2024-04-03,90
CHK05353,MB0655,C01,2024-06-02,30
CHK05354,MB0664,C06,2024-05-06,30
CHK05355,MB0643,C05,2024-09-12,30
CHK05356,MB0081,C01,2024-11-17,60
CHK05357,MB0701,C06,2024-03-11,60
CHK05358,MB0308,C06,2024-09-12,30
CHK05359,MB0125,C02,2024-11-25,60
CHK05360,MB0685,C08,2024-07-31,75
CHK05361,MB0223,C02,2024-05-28,60
CHK05362,MB0160,C01,2024-01-16,75
CHK05363,MB0181,C03,2024-08-04,75
CHK05364,MB0059,C02,2024-05-23,30
CHK05365,MB0064,C08,2024-06-26,90
CHK05366,MB0027,C05,2024-09-23,60
CHK05367,MB0652,C06,2024-03-10,90
CHK05368,MB0498,C02,2024-10-10,45
CHK05369,MB0428,C05,2024-06-16,45
CHK05370,MB0040,C08,2024-11-02,90
CHK05371,MB0604,C01,2024-11-25,60
CHK05372,MB0185,C01,2024-06-18,75
CHK05373,MB0675,C05,2024-01-07,75
CHK05374,MB0796,C08,2024-01-08,90
CHK05375,MB0511,C06,2024-07-23,75
CHK05376,MB0353,C04,2024-11-16,90
CHK05377,MB0244,C02,2024-09-20,75
CHK05378,MB0574,C08,2024-09-15,60
CHK05379,MB0769,C03,2024-05-21,30
CHK05380,MB0512,C03,2024-02-17,60
CHK05381,MB0053,C01,2024-07-12,45
CHK05382,MB0473,C01,2024-09-07,30
CHK05383,MB0298,C03,2024-12-01,60
CHK05384,MB0263,C01,2024-10-06,60
CHK05385,MB0587,C03,2024-10-05,30
CHK05386,MB0241,C08,2024-08-14,90
CHK05387,MB0376,C08,2024-02-17,90
CHK05388,MB0700,C03,2024-02-16,75
CHK05389,MB0163,C03,2024-09-05,30
CHK05390,MB0760,C02,2024-03-14,45
CHK05391,MB0701,C01,2024-08-18,60
CHK05392,MB0360,C02,2024-01-26,45
CHK05393,MB0271,C04,2024-12-05,75
CHK05394,MB0145,C03,2024-02-14,30
CHK05395,MB0344,C02,2024-03-23,75
CHK05396,MB0480,C04,2024-09-11,60
CHK05397,MB0657,C01,2024-04-18,60
CHK05398,MB0259,C05,2024-05-09,60
CHK05399,MB0361,C04,2024-07-02,45
CHK05400,MB0346,C04,2024-05-07,45
CHK05401,MB0275,C01,2024-11-26,60
CHK05402,MB0489,C05,2024-09-07,45
CHK05403,MB0733,C07,2024-02-25,30
CHK05404,MB0684,C02,2024-10-12,60
CHK05405,MB0343,C02,2024-11-13,30
CHK05406,MB0110,C08,2024-05-30,90
CHK05407,MB0177,C01,2024-10-11,30
CHK05408,MB0312,C02,2024-06-19,90
CHK05409,MB0523,C08,2024-06-03,30
CHK05410,MB0669,C07,2024-03-25,60
CHK05411,MB0053,C05,2024-03-05,90
CHK05412,MB0363,C03,2024-12-23,30
CHK05413,MB0730,C05,2024-04-14,30
CHK05414,MB0673,C02,2024-11-06,30
CHK05415,MB0434,C07,2024-07-01,75
CHK05416,MB0399,C05,2024-06-13,90
CHK05417,MB0449,C05,2024-01-02,45
CHK05418,MB0539,C07,2024-02-07,90
CHK05419,MB0683,C01,2024-11-29,90
CHK05420,MB0373,C08,2024-09-22,90
CHK05421,MB0458,C01,2024-02-28,90
CHK05422,MB0778,C07,2024-06-08,45
CHK05423,MB0333,C04,2024-09-12,75
CHK05424,MB0347,C06,2024-12-07,45
CHK05425,MB0131,C06,2024-12-24,45
CHK05426,MB0238,C07,2024-09-24,75
CHK05427,MB0143,C01,2024-05-08,30
CHK05428,MB0068,C02,2024-02-29,60
CHK05429,MB0457,C05,2024-12-06,60
CHK05430,MB0427,C02,2024-08-01,60
CHK05431,MB0692,C01,2024-07-08,90
CHK05432,MB0220,C03,2024-03-31,60
CHK05433,MB0441,C05,2024-01-30,30
CHK05434,MB0268,C04,2024-02-05,90
CHK05435,MB0330,C08,2024-12-31,60
CHK05436,MB0481,C08,2024-08-09,60
CHK05437,MB0276,C02,2024-05-21,30
CHK05438,MB0062,C05,2024-01-09,45
CHK05439,MB0423,C03,2024-09-03,45
CHK05440,MB0328,C07,2024-02-16,45
CHK05441,MB0386,C04,2024-10-11,75
CHK05442,MB0453,C01,2024-11-15,90
CHK05443,MB0488,C02,2024-12-21,60
CHK05444,MB0451,C08,2024-05-05,90
CHK05445,MB0696,C06,2024-11-24,30
CHK05446,MB0057,C03,2024-03-26,30
CHK05447,MB0736,C02,2024-10-19,45
CHK05448,MB0355,C01,2024-08-14,90
CHK05449,MB0160,C06,2024-01-20,60
CHK05450,MB0435,C02,2024-06-02,90
CHK05451,MB0375,C05,2024-01-23,75
CHK05452,MB0218,C02,2024-05-30,60
CHK05453,MB0022,C07,2024-02-10,75
CHK05454,MB0754,C05,2024-06-02,60
CHK05455,MB0372,C06,2024-07-27,30
CHK05456,MB0711,C08,2024-12-01,75
CHK05457,MB0246,C03,2024-01-25,75
CHK05458,MB0029,C04,2024-07-28,90
CHK05459,MB0160,C07,2024-02-28,75
CHK05460,MB0193,C08,2024-03-09,45
CHK05461,MB0182,C06,2024-11-30,60
CHK05462,MB0334,C01,2024-01-15,90
CHK05463,MB0642,C04,2024-04-17,30
CHK05464,MB0276,C07,2024-04-20,90
CHK05465,MB0258,C06,2024-11-11,60
CHK05466,MB0588,C01,2024-11-25,45
CHK05467,MB0166,C02,2024-07-27,45
CHK05468,MB0472,C07,2024-08-07,60
CHK05469,MB0517,C02,2024-08-31,45
CHK05470,MB0298,C03,2024-01-26,60
CHK05471,MB0624,C07,2024-04-10,60
CHK05472,MB0048,C06,2024-09-01,45
CHK05473,MB0090,C06,2024-11-16,30
CHK05474,MB0266,C01,2024-09-05,90
CHK05475,MB0043,C03,2024-10-27,90
CHK05476,MB0500,C01,2024-11-21,90
CHK05477,MB0548,C06,2024-10-11,60
CHK05478,MB0412,C08,2024-12-12,75
CHK05479,MB0410,C01,2024-07-20,75
CHK05480,MB0076,C03,2024-02-11,60
CHK05481,MB0434,C04,2024-05-09,60
CHK05482,MB0358,C04,2024-06-29,75
CHK05483,MB0778,C06,2024-08-28,60
CHK05484,MB0570,C01,2024-03-07,60
CHK05485,MB0341,C05,2024-07-05,75
CHK05486,MB0716,C04,2024-12-14,60
CHK05487,MB0081,C05,2024-07-27,60
CHK05488,MB0717,C02,2024-03-15,30
CHK05489,MB0735,C05,2024-03-31,45
CHK05490,MB0567,C05,2024-05-12,60
CHK05491,MB0101,C04,2024-07-07,45
CHK05492,MB0304,C08,2024-03-02,60
CHK05493,MB0748,C01,2024-07-31,90
CHK05494,MB0759,C02,2024-03-14,75
CHK05495,MB0662,C02,2024-11-17,30
CHK05496,MB0342,C06,2024-09-14,60
CHK05497,MB0777,C03,2024-07-10,30
CHK05498,MB0716,C02,2024-11-24,90
CHK05499,MB0604,C04,2024-09-20,30
CHK05500,MB0227,C07,2024-06-18,60
CHK05501,MB0169,C05,2024-03-16,75
CHK05502,MB0662,C06,2024-10-23,60
CHK05503,MB0221,C08,2024-08-29,75
CHK05504,MB0343,C06,2024-07-05,90
CHK05505,MB0358,C08,2024-03-05,45
CHK05506,MB0232,C02,2024-10-24,45
CHK05507,MB0020,C08,2024-06-03,45
CHK05508,MB0233,C02,2024-04-25,60
CHK05509,MB0465,C08,2024-06-07,60
CHK05510,MB0053,C01,2024-11-28,45
CHK05511,MB0386,C03,2024-08-03,60
CHK05512,MB0594,C01,2024-07-08,45
CHK05513,MB0754,C05,2024-05-01,45
CHK05514,MB0698,C03,2024-05-16,90
CHK05515,MB0657,C02,2024-04-07,45
CHK05516,MB0765,C01,2024-06-23,90
CHK05517,MB0325,C06,2024-08-02,75
CHK05518,MB0307,C05,2024-08-05,45
CHK05519,MB0527,C02,2024-03-27,60
CHK05520,MB0789,C02,2024-11-29,60
CHK05521,MB0451,C05,2024-10-09,30
CHK05522,MB0256,C08,2024-12-26,90
CHK05523,MB0355,C03,2024-11-15,90
CHK05524,MB0154,C02,2024-06-03,75
CHK05525,MB0471,C05,2024-11-08,60
CHK05526,MB0507,C05,2024-10-08,60
CHK05527,MB0005,C04,2024-08-10,90
CHK05528,MB0141,C08,2024-05-01,45
CHK05529,MB0676,C02,2024-04-09,90
CHK05530,MB0148,C07,2024-08-15,60
CHK05531,MB0740,C01,2024-08-29,30
CHK05532,MB0610,C04,2024-05-14,75
CHK05533,MB0362,C07,2024-04-24,75
CHK05534,MB0576,C02,2024-04-10,60
CHK05535,MB0722,C03,2024-09-28,75
CHK05536,MB0703,C04,2024-10-19,30
CHK05537,MB0591,C02,2024-09-27,45
CHK05538,MB0561,C08,2024-07-06,90
CHK05539,MB0568,C06,2024-10-02,30
CHK05540,MB0392,C03,2024-02-03,30
CHK05541,MB0153,C08,2024-06-08,60
CHK05542,MB0085,C04,2024-10-13,30
CHK05543,MB0157,C06,2024-04-05,60
CHK05544,MB0392,C05,2024-06-16,60
CHK05545,MB0335,C06,2024-04-08,30
CHK05546,MB0471,C04,2024-06-10,30
CHK05547,MB0604,C08,2024-09-25,45
CHK05548,MB0625,C05,2024-09-09,30
CHK05549,MB0262,C02,2024-11-14,75
CHK05550,MB0175,C03,2024-05-22,60
CHK05551,MB0657,C02,2024-10-18,90
CHK05552,MB0232,C07,2024-02-13,60
CHK05553,MB0148,C05,2024-10-18,30
CHK05554,MB0315,C03,2024-07-16,75
CHK05555,MB0172,C07,2024-07-21,60
CHK05556,MB0449,C02,2024-12-29,90
CHK05557,MB0407,C07,2024-05-03,60
CHK05558,MB0317,C02,2024-08-02,60
CHK05559,MB0086,C03,2024-07-28,60
CHK05560,MB0051,C03,2024-05-06,45
CHK05561,MB0147,C04,2024-12-09,60
CHK05562,MB0526,C08,2024-11-02,60
CHK05563,MB0741,C05,2024-09-18,45
CHK05564,MB0126,C02,2024-01-16,60
CHK05565,MB0522,C07,2024-05-05,60
CHK05566,MB0416,C01,2024-01-02,45
CHK05567,MB0506,C03,2024-05-05,60
CHK05568,MB0630,C01,2024-12-07,90
CHK05569,MB0267,C07,2024-04-04,30
CHK05570,MB0577,C04,2024-07-11,90
CHK05571,MB0234,C01,2024-06-03,60
CHK05572,MB0582,C02,2024-03-02,90
CHK05573,MB0507,C07,2024-10-02,90
CHK05574,MB0250,C02,2024-07-08,30
CHK05575,MB0110,C05,2024-07-09,30
CHK05576,MB0251,C07,2024-06-25,45
CHK05577,MB0561,C02,2024-07-13,60
CHK05578,MB0649,C06,2024-09-25,30
CHK05579,MB0770,C01,2024-02-18,45
CHK05580,MB0339,C04,2024-05-30,75
CHK05581,MB0412,C04,2024-04-26,90
CHK05582,MB0607,C01,2024-12-18,30
CHK05583,MB0512,C06,2024-07-06,45
CHK05584,MB0714,C03,2024-04-25,30
CHK05585,MB0185,C03,2024-04-26,60
CHK05586,MB0064,C04,2024-02-14,75
CHK05587,MB0468,C06,2024-08-19,75
CHK05588,MB0617,C08,2024-03-17,30
CHK05589,MB0562,C06,2024-10-19,75
CHK05590,MB0194,C03,2024-03-15,75
CHK05591,MB0631,C04,2024-01-22,45
CHK05592,MB0529,C03,2024-03-11,90
CHK05593,MB0121,C08,2024-03-09,75
CHK05594,MB0285,C02,2024-12-26,60
CHK05595,MB0046,C08,2024-06-06,90
CHK05596,MB0640,C07,2024-04-21,90
CHK05597,MB0681,C03,2024-06-19,60
CHK05598,MB0676,C01,2024-06-19,75
CHK05599,MB0280,C03,2024-05-13,75
CHK05600,MB0376,C08,2024-03-07,60
CHK05601,MB0418,C06,2024-08-11,90
CHK05602,MB0627,C05,2024-01-13,45
CHK05603,MB0659,C02,2024-08-17,75
CHK05604,MB0376,C03,2024-09-09,90
CHK05605,MB0663,C06,2024-05-28,45
CHK05606,MB0750,C01,2024-08-07,90
CHK05607,MB0256,C04,2024-01-25,30
CHK05608,MB0138,C01,2024-02-28,90
CHK05609,MB0592,C07,2024-03-29,90
CHK05610,MB0184,C04,2024-04-03,90
CHK05611,MB0638,C07,2024-03-11,60
CHK05612,MB0157,C04,2024-01-26,90
CHK05613,MB0098,C01,2024-03-01,60
CHK05614,MB0163,C08,2024-02-03,60
CHK05615,MB0554,C02,2024-08-01,90
CHK05616,MB0002,C07,2024-08-15,75
CHK05617,MB0762,C05,2024-01-04,90
CHK05618,MB0708,C02,2024-04-19,90
CHK05619,MB0578,C01,2024-07-04,45
CHK05620,MB0761,C07,2024-04-08,45
CHK05621,MB0775,C08,2024-06-04,30
CHK05622,MB0017,C06,2024-06-21,60
CHK05623,MB0562,C07,2024-08-24,75
CHK05624,MB0127,C03,2024-10-14,60
CHK05625,MB0660,C03,2024-12-20,90
CHK05626,MB0415,C06,2024-11-29,75
CHK05627,MB0549,C06,2024-01-25,30
CHK05628,MB0225,C04,2024-11-06,60
CHK05629,MB0458,C07,2024-12-07,30
CHK05630,MB0627,C03,2024-06-15,45
CHK05631,MB0640,C01,2024-01-17,75
CHK05632,MB0274,C04,2024-01-28,90
CHK05633,MB0566,C08,2024-03-04,60
CHK05634,MB0512,C01,2024-05-05,45
CHK05635,MB0125,C07,2024-08-22,45
CHK05636,MB0387,C07,2024-09-20,75
CHK05637,MB0130,C08,2024-04-15,75
CHK05638,MB0207,C04,2024-07-06,60
CHK05639,MB0348,C07,2024-09-12,60
CHK05640,MB0790,C06,2024-12-25,30
CHK05641,MB0483,C04,2024-10-19,90
CHK05642,MB0671,C02,2024-09-30,45
CHK05643,MB0708,C01,2024-12-19,75
CHK05644,MB0251,C04,2024-09-20,90
CHK05645,MB0427,C07,2024-11-21,45
CHK05646,MB0464,C07,2024-03-09,75
CHK05647,MB0368,C05,2024-08-13,30
CHK05648,MB0324,C03,2024-09-02,90
CHK05649,MB0650,C01,2024-09-11,45
CHK05650,MB0137,C02,2024-12-30,60
CHK05651,MB0019,C01,2024-12-11,90
CHK05652,MB0569,C08,2024-01-21,60
CHK05653,MB0365,C07,2024-09-15,90
CHK05654,MB0718,C04,2024-03-19,45
CHK05655,MB0501,C05,2024-05-25,75
CHK05656,MB0224,C04,2024-06-15,60
CHK05657,MB0149,C04,2024-03-05,60
CHK05658,MB0020,C07,2024-08-30,60
CHK05659,MB0213,C05,2024-08-17,45
CHK05660,MB0192,C05,2024-02-05,90
CHK05661,MB0384,C01,2024-10-24,90
CHK05662,MB0440,C08,2024-04-18,75
CHK05663,MB0331,C08,2024-03-23,30
CHK05664,MB0422,C07,2024-12-12,60
CHK05665,MB0087,C04,2024-06-03,75
CHK05666,MB0783,C06,2024-01-28,45
CHK05667,MB0676,C02,2024-03-25,30
CHK05668,MB0434,C04,2024-02-06,60
CHK05669,MB0078,C02,2024-10-25,30
CHK05670,MB0434,C01,2024-07-18,30
CHK05671,MB0684,C04,2024-10-07,75
CHK05672,MB0204,C08,2024-06-29,30
CHK05673,MB0530,C07,2024-01-06,90
CHK05674,MB0036,C02,2024-06-18,60
CHK05675,MB0117,C01,2024-04-15,60
CHK05676,MB0684,C01,2024-09-01,75
CHK05677,MB0253,C01,2024-01-24,75
CHK05678,MB0223,C08,2024-09-07,90
CHK05679,MB0021,C07,2024-03-03,60
CHK05680,MB0247,C02,2024-08-26,45
CHK05681,MB0660,C08,2024-12-28,60
CHK05682,MB0592,C02,2024-07-05,90
CHK05683,MB0116,C07,2024-03-10,90
CHK05684,MB0053,C08,2024-08-18,60
CHK05685,MB0295,C08,2024-06-27,75
CHK05686,MB0703,C02,2024-07-19,60
CHK05687,MB0310,C06,2024-07-04,30
CHK05688,MB0149,C06,2024-12-09,75
CHK05689,MB0618,C03,2024-11-11,90
CHK05690,MB0310,C02,2024-10-26,60
CHK05691,MB0076,C05,2024-07-01,75
CHK05692,MB0370,C08,2024-12-22,45
CHK05693,MB0339,C02,2024-01-13,60
CHK05694,MB0392,C01,2024-03-29,90
CHK05695,MB0788,C03,2024-09-23,30
CHK05696,MB0139,C05,2024-09-25,90
CHK05697,MB0485,C01,2024-09-24,90
CHK05698,MB0213,C05,2024-09-18,30
CHK05699,MB0302,C08,2024-09-14,90
CHK05700,MB0714,C05,2024-08-06,75
CHK05701,MB0589,C04,2024-01-17,45
CHK05702,MB0630,C04,2024-07-14,75
CHK05703,MB0599,C01,2024-07-02,30
CHK05704,MB0655,C04,2024-04-12,60
CHK05705,MB0410,C02,2024-10-02,75
CHK05706,MB0628,C02,2024-12-26,90
CHK05707,MB0362,C04,2024-09-29,60
CHK05708,MB0415,C07,2024-11-28,90
CHK05709,MB0383,C04,2024-07-11,90
CHK05710,MB0312,C07,2024-07-19,75
CHK05711,MB0264,C01,2024-12-24,45
CHK05712,MB0630,C02,2024-01-16,45
CHK05713,MB0693,C02,2024-03-13,75
CHK05714,MB0064,C07,2024-03-10,90
CHK05715,MB0452,C08,2024-04-20,60
CHK05716,MB0605,C06,2024-10-28,75
CHK05717,MB0226,C04,2024-02-21,90
CHK05718,MB0114,C07,2024-03-27,60
CHK05719,MB0108,C08,2024-04-26,60
CHK05720,MB0363,C04,2024-12-16,45
CHK05721,MB0386,C05,2024-09-14,45
CHK05722,MB0715,C01,2024-12-19,60
CHK05723,MB0032,C01,2024-12-05,75
CHK05724,MB0522,C04,2024-12-22,75
CHK05725,MB0579,C04,2024-02-19,60
CHK05726,MB0595,C06,2024-01-29,75
CHK05727,MB0201,C08,2024-03-02,60
CHK05728,MB0489,C02,2024-11-09,45
CHK05729,MB0166,C06,2024-10-11,30
CHK05730,MB0730,C01,2024-10-04,75
CHK05731,MB0460,C07,2024-06-30,75
CHK05732,MB0546,C01,2024-08-30,90
CHK05733,MB0214,C06,2024-05-05,90
CHK05734,MB0523,C07,2024-04-25,90
CHK05735,MB0124,C02,2024-08-10,90
CHK05736,MB0298,C06,2024-05-18,60
CHK05737,MB0343,C02,2024-05-15,60
CHK05738,MB0045,C02,2024-07-10,45
CHK05739,MB0095,C08,2024-12-04,75
CHK05740,MB0128,C02,2024-02-15,45
CHK05741,MB0541,C01,2024-10-13,60
CHK05742,MB0174,C08,2024-02-22,75
CHK05743,MB0647,C03,2024-08-04,60
CHK05744,MB0526,C05,2024-08-06,90
CHK05745,MB0044,C01,2024-10-12,75
CHK05746,MB0718,C04,2024-04-25,90
CHK05747,MB0106,C04,2024-12-04,60
CHK05748,MB0151,C05,2024-05-03,30
CHK05749,MB0682,C02,2024-05-07,90
CHK05750,MB0041,C05,2024-05-01,75
CHK05751,MB0342,C02,2024-12-09,30
CHK05752,MB0329,C02,2024-04-29,60
CHK05753,MB0799,C05,2024-03-06,75
CHK05754,MB0281,C07,2024-12-28,30
CHK05755,MB0552,C05,2024-11-26,45
CHK05756,MB0170,C03,2024-02-10,60
CHK05757,MB0503,C01,2024-12-12,45
CHK05758,MB0681,C03,2024-02-06,45
CHK05759,MB0454,C04,2024-04-17,60
CHK05760,MB0766,C04,2024-02-03,60
CHK05761,MB0422,C05,2024-08-26,30
CHK05762,MB0037,C06,2024-11-24,30
CHK05763,MB0252,C05,2024-02-25,30
CHK05764,MB0215,C01,2024-11-03,60
CHK05765,MB0080,C04,2024-04-17,45
CHK05766,MB0767,C05,2024-02-13,75
CHK05767,MB0239,C06,2024-12-02,60
CHK05768,MB0447,C04,2024-04-11,75
CHK05769,MB0170,C04,2024-08-17,90
CHK05770,MB0420,C03,2024-01-08,90
CHK05771,MB0057,C05,2024-08-16,90
CHK05772,MB0417,C07,2024-07-29,30
CHK05773,MB0264,C08,2024-07-18,90
CHK05774,MB0146,C08,2024-03-11,60
CHK05775,MB0038,C01,2024-03-15,30
CHK05776,MB0016,C05,2024-11-02,45
CHK05777,MB0270,C07,2024-05-15,75
CHK05778,MB0127,C02,2024-03-04,45
CHK05779,MB0041,C01,2024-06-27,60
CHK05780,MB0265,C08,2024-01-28,60
CHK05781,MB0504,C05,2024-11-26,45
CHK05782,MB0757,C01,2024-09-07,90
CHK05783,MB0337,C02,2024-10-22,45
CHK05784,MB0306,C03,2024-03-11,60
CHK05785,MB0786,C01,2024-01-07,75
CHK05786,MB0540,C07,2024-01-06,30
CHK05787,MB0024,C03,2024-05-15,60
CHK05788,MB0700,C02,2024-03-05,45
CHK05789,MB0328,C04,2024-09-23,75
CHK05790,MB0734,C03,2024-05-26,75
CHK05791,MB0077,C06,2024-01-16,60
CHK05792,MB0210,C03,2024-12-06,75
CHK05793,MB0194,C04,2024-06-04,45
CHK05794,MB0169,C05,2024-10-12,30
CHK05795,MB0559,C04,2024-06-29,30
CHK05796,MB0541,C05,2024-07-24,30
CHK05797,MB0146,C08,2024-08-19,45
CHK05798,MB0496,C05,2024-03-05,60
CHK05799,MB0637,C04,2024-01-03,75
CHK05800,MB0231,C02,2024-08-14,90
CHK05801,MB0450,C08,2024-11-13,30
CHK05802,MB0632,C03,2024-01-26,60
CHK05803,MB0450,C02,2024-03-17,30
CHK05804,MB0536,C08,2024-11-09,30
CHK05805,MB0370,C07,2024-04-22,75
CHK05806,MB0457,C01,2024-01-20,75
CHK05807,MB0252,C03,2024-07-04,75
CHK05808,MB0020,C08,2024-06-08,90
CHK05809,MB0289,C03,2024-03-20,60
CHK05810,MB0223,C07,2024-06-24,30
CHK05811,MB0418,C03,2024-03-13,60
CHK05812,MB0732,C06,2024-12-30,45
CHK05813,MB0326,C02,2024-09-09,30
CHK05814,MB0117,C02,2024-10-01,75
CHK05815,MB0567,C02,2024-01-09,30
CHK05816,MB0083,C07,2024-02-25,60
CHK05817,MB0096,C04,2024-02-19,90
CHK05818,MB0646,C01,2024-05-14,75
CHK05819,MB0108,C04,2024-11-13,90
CHK05820,MB0705,C02,2024-07-17,45
CHK05821,MB0103,C01,2024-09-04,90
CHK05822,MB0773,C08,2024-08-27,45
CHK05823,MB0767,C05,2024-06-24,90
CHK05824,MB0121,C06,2024-06-14,45
CHK05825,MB0453,C02,2024-06-19,45
CHK05826,MB0602,C01,2024-05-21,45
CHK05827,MB0183,C01,2024-03-19,90
CHK05828,MB0735,C04,2024-09-18,30
CHK05829,MB0720,C03,2024-01-19,45
CHK05830,MB0756,C06,2024-06-04,90
CHK05831,MB0155,C08,2024-03-15,30
CHK05832,MB0429,C01,2024-11-23,75
CHK05833,MB0053,C01,2024-10-04,30
CHK05834,MB0474,C01,2024-09-01,45
CHK05835,MB0337,C07,2024-12-28,90
CHK05836,MB0401,C02,2024-09-25,60
CHK05837,MB0033,C06,2024-05-25,90
CHK05838,MB0688,C02,2024-11-10,45
CHK05839,MB0412,C04,2024-09-19,90
CHK05840,MB0009,C06,2024-08-03,45
CHK05841,MB0792,C05,2024-11-20,75
CHK05842,MB0039,C05,2024-04-13,45
CHK05843,MB0178,C06,2024-06-14,30
CHK05844,MB0245,C01,2024-12-19,60
CHK05845,MB0380,C03,2024-09-06,30
CHK05846,MB0084,C06,2024-10-22,45
CHK05847,MB0753,C06,2024-01-08,45
CHK05848,MB0424,C04,2024-06-16,45
CHK05849,MB0448,C03,2024-04-07,45
CHK05850,MB0485,C06,2024-05-16,45
CHK05851,MB0067,C04,2024-09-01,60
CHK05852,MB0136,C06,2024-08-26,90
CHK05853,MB0523,C08,2024-12-15,75
CHK05854,MB0056,C08,2024-10-31,90
CHK05855,MB0781,C07,2024-10-13,30
CHK05856,MB0027,C07,2024-10-27,45
CHK05857,MB0137,C06,2024-10-06,45
CHK05858,MB0506,C07,2024-08-04,90
CHK05859,MB0106,C03,2024-07-24,90
CHK05860,MB0077,C07,2024-02-05,75
CHK05861,MB0298,C01,2024-07-24,75
CHK05862,MB0717,C01,2024-02-23,75
CHK05863,MB0418,C01,2024-01-08,90
CHK05864,MB0599,C05,2024-12-09,60
CHK05865,MB0631,C05,2024-05-24,75
CHK05866,MB0632,C06,2024-02-26,30
CHK05867,MB0722,C03,2024-03-17,90
CHK05868,MB0084,C02,2024-10-04,90
CHK05869,MB0087,C04,2024-01-09,75
CHK05870,MB0108,C07,2024-10-24,45
CHK05871,MB0324,C05,2024-09-28,90
CHK05872,MB0701,C07,2024-10-12,75
CHK05873,MB0396,C08,2024-08-16,30
CHK05874,MB0651,C03,2024-08-28,90
CHK05875,MB0608,C03,2024-07-04,60
CHK05876,MB0045,C01,2024-06-03,90
CHK05877,MB0284,C03,2024-11-10,60
CHK05878,MB0371,C08,2024-09-07,75
CHK05879,MB0401,C07,2024-12-04,90
CHK05880,MB0071,C04,2024-02-17,45
CHK05881,MB0553,C01,2024-06-14,45
CHK05882,MB0232,C05,2024-09-15,45
CHK05883,MB0375,C08,2024-04-26,75
CHK05884,MB0716,C08,2024-07-19,45
CHK05885,MB0105,C07,2024-04-07,90
CHK05886,MB0290,C01,2024-08-15,90
CHK05887,MB0669,C01,2024-11-08,45
CHK05888,MB0020,C03,2024-09-13,75
CHK05889,MB0290,C05,2024-03-25,60
CHK05890,MB0241,C02,2024-03-20,90
CHK05891,MB0456,C03,2024-01-16,75
CHK05892,MB0602,C04,2024-02-05,75
CHK05893,MB0094,C01,2024-08-01,45
CHK05894,MB0200,C05,2024-09-22,90
CHK05895,MB0549,C05,2024-10-27,60
CHK05896,MB0086,C08,2024-07-27,30
CHK05897,MB0224,C05,2024-10-05,90
CHK05898,MB0575,C04,2024-11-15,75
CHK05899,MB0063,C07,2024-01-09,90
CHK05900,MB0030,C07,2024-09-23,45
CHK05901,MB0413,C03,2024-05-03,30
CHK05902,MB0636,C01,2024-08-29,30
CHK05903,MB0703,C04,2024-01-19,45
CHK05904,MB0219,C07,2024-01-24,75
CHK05905,MB0171,C01,2024-12-02,45
CHK05906,MB0522,C04,2024-02-14,30
CHK05907,MB0244,C01,2024-10-11,75
CHK05908,MB0019,C05,2024-02-27,30
CHK05909,MB0658,C04,2024-05-12,90
CHK05910,MB0322,C06,2024-03-26,75
CHK05911,MB0409,C04,2024-03-07,30
CHK05912,MB0794,C04,2024-08-30,60
CHK05913,MB0110,C02,2024-08-25,90
CHK05914,MB0154,C06,2024-08-09,30
CHK05915,MB0439,C06,2024-01-07,75
CHK05916,MB0737,C02,2024-09-12,45
CHK05917,MB0132,C05,2024-04-21,75
CHK05918,MB0342,C08,2024-08-03,75
CHK05919,MB0184,C07,2024-07-29,90
CHK05920,MB0308,C06,2024-11-29,45
CHK05921,MB0454,C01,2024-12-08,60
CHK05922,MB0734,C01,2024-05-11,45
CHK05923,MB0427,C01,2024-10-23,90
CHK05924,MB0790,C07,2024-12-13,75
CHK05925,MB0362,C07,2024-10-26,75
CHK05926,MB0615,C06,2024-12-07,30
CHK05927,MB0778,C02,2024-06-28,60
CHK05928,MB0287,C08,2024-07-21,75
CHK05929,MB0291,C08,2024-03-12,60
CHK05930,MB0027,C06,2024-04-17,75
CHK05931,MB0549,C06,2024-05-28,45
CHK05932,MB0408,C06,2024-07-27,90
CHK05933,MB0314,C05,2024-12-15,60
CHK05934,MB0404,C06,2024-09-09,75
CHK05935,MB0652,C07,2024-11-25,45
CHK05936,MB0666,C05,2024-11-07,75
CHK05937,MB0277,C02,2024-02-12,60
CHK05938,MB0213,C07,2024-12-17,60
CHK05939,MB0157,C05,2024-08-06,60
CHK05940,MB0669,C07,2024-03-22,75
CHK05941,MB0368,C02,2024-07-21,90
CHK05942,MB0436,C08,2024-05-05,75
CHK05943,MB0079,C05,2024-06-28,45
CHK05944,MB0135,C08,2024-07-09,90
CHK05945,MB0246,C03,2024-10-15,60
CHK05946,MB0322,C05,2024-12-07,60
CHK05947,MB0081,C07,2024-01-18,60
CHK05948,MB0541,C04,2024-11-19,90
CHK05949,MB0709,C04,2024-06-16,60
CHK05950,MB0733,C07,2024-06-11,60
CHK05951,MB0565,C05,2024-06-16,75
CHK05952,MB0674,C04,2024-08-07,60
CHK05953,MB0178,C07,2024-04-10,75
CHK05954,MB0632,C02,2024-05-09,45
CHK05955,MB0276,C07,2024-07-23,90
CHK05956,MB0305,C03,2024-08-13,60
CHK05957,MB0396,C06,2024-09-08,60
CHK05958,MB0713,C02,2024-11-30,45
CHK05959,MB0540,C06,2024-01-28,60
CHK05960,MB0254,C04,2024-10-06,60
CHK05961,MB0182,C01,2024-11-24,75
CHK05962,MB0083,C01,2024-08-29,30
CHK05963,MB0751,C01,2024-02-24,45
CHK05964,MB0249,C02,2024-01-31,90
CHK05965,MB0232,C08,2024-04-18,90
CHK05966,MB0742,C06,2024-06-08,90
CHK05967,MB0145,C01,2024-07-26,30
CHK05968,MB0379,C08,2024-10-25,90
CHK05969,MB0503,C08,2024-12-24,90
CHK05970,MB0568,C07,2024-07-27,75
CHK05971,MB0519,C05,2024-04-19,60
CHK05972,MB0345,C07,2024-11-19,90
CHK05973,MB0584,C06,2024-05-14,60
CHK05974,MB0699,C06,2024-12-29,45
CHK05975,MB0123,C03,2024-08-05,45
CHK05976,MB0111,C06,2024-04-10,90
CHK05977,MB0474,C02,2024-05-02,30
CHK05978,MB0544,C04,2024-02-25,60
CHK05979,MB0027,C03,2024-07-29,60
CHK05980,MB0592,C04,2024-08-03,75
CHK05981,MB0294,C07,2024-09-11,75
CHK05982,MB0001,C06,2024-09-25,90
CHK05983,MB0389,C07,2024-07-29,75
CHK05984,MB0076,C04,2024-07-04,45
CHK05985,MB0010,C01,2024-12-26,60
CHK05986,MB0377,C05,2024-04-22,45
CHK05987,MB0495,C03,2024-12-23,60
CHK05988,MB0012,C07,2024-01-04,30
CHK05989,MB0735,C05,2024-11-12,75
CHK05990,MB0519,C01,2024-04-12,75
CHK05991,MB0168,C04,2024-05-08,60
CHK05992,MB0523,C05,2024-04-26,75
CHK05993,MB0397,C01,2024-09-08,30
CHK05994,MB0613,C04,2024-06-10,90
CHK05995,MB0020,C05,2024-01-20,90
CHK05996,MB0104,C07,2024-01-25,60
CHK05997,MB0059,C03,2024-02-23,45
CHK05998,MB0085,C07,2024-04-19,45
CHK05999,MB0339,C08,2024-06-17,90
CHK06000,MB0182,C01,2024-11-28,30
